id,slug,market_segment,name,brand,type,category,description,price_base_usd,release_date,release_year,compatibility,specs,technologies,benchmarks,tags,created_at,price_base_eur
cpu-amd-ryzen-5500gt,amd-ryzen-5-5500gt,gaming,AMD Ryzen 5 5500GT,AMD,cpu,budget,"APU Ryzen 5 basada en Zen 3 Cezanne para plataforma AM4. Integra 6 núcleos y 12 hilos, frecuencia base de 3.6 GHz, boost de hasta 4.4 GHz, 19 MB de caché total L2+L3, TDP de 65 W, DDR4-3200, PCIe 3.0, gráficos integrados Radeon de 7 núcleos y disipador Wraith Stealth incluido.",125,2024-01-08,2024,"{""pcie"":3,""socket"":""AM4"",""chipsets"":""A320, B350, X370, A520, B450, B550, X470, X570"",""ram_type"":""DDR4"",""ram_frecuency"":3200,""ram_max_support"":128}","{""tdp"":65,""cache"":{""l1"":384,""l2"":3072,""l3"":16384},""cores"":6,""threads"":12,""power_base"":65,""architecture"":""Zen 3 (Cezanne)"",""base_frequency"":3.6,""efficency_cores"":0,""power_turbo_max"":88,""turbo_frequency"":4.4}","[{""name"":""Zen 3 Architecture"",""description"":""Arquitectura AMD Zen 3 de 7 nm con alto IPC para juegos y productividad.""},{""name"":""AMD Radeon Graphics"",""description"":""Gráficos integrados Radeon de 7 núcleos a 1900 MHz para salida de vídeo y gaming ligero.""},{""name"":""Precision Boost 2"",""description"":""Optimiza automáticamente las frecuencias según carga, temperatura y margen eléctrico.""},{""name"":""AMD StoreMI"",""description"":""Acelera el almacenamiento combinando SSD y HDD compatibles.""},{""name"":""TSMC 7nm FinFET"",""description"":""Proceso de fabricación eficiente para la APU Cezanne.""},{""name"":""PCIe 3.0 Support"",""description"":""Soporte PCI Express 3.0 para tarjetas y almacenamiento compatibles.""},{""name"":""Wraith Stealth Cooler"",""description"":""Disipador AMD Wraith Stealth incluido en la caja.""},{""name"":""Unlocked for Overclocking"",""description"":""Multiplicador desbloqueado para ajuste manual de frecuencias y voltajes.""},{""name"":""SMT"",""description"":""Simultaneous Multithreading para ejecutar dos hilos por núcleo.""}]","{""passmark_score"":19007,""cinebench_multi"":9863,""geekbench_single"":2024}","[""Zen 3"",""AM4"",""DDR4"",""APU"",""Radeon Graphics"",""6 Cores""]",2026-08-16 19:32:00+00,115.00
cpu-amd-ryzen-5600,amd-ryzen-5-5600,gaming,AMD Ryzen 5 5600,AMD,cpu,mid-range,"Procesador de escritorio de gama media de AMD, basado en la arquitectura Zen 3 de 7nm. Ofrece 6 núcleos y 12 hilos con una frecuencia base de 3.5 GHz y turbo de hasta 4.4 GHz, con 35 MB de caché total (L2+L3). Representa una de las opciones de mejor valor para builds gaming económicas en plataforma AM4, requiriendo tarjeta gráfica dedicada.",199.00,2022-04-04,2022,"{""pcie"":4,""socket"":""AM4"",""chipsets"":""A520, B450, B550, X470, X570"",""ram_type"":""DDR4"",""ram_frecuency"":3200,""ram_max_support"":128}","{""tdp"":65,""cache"":{""l1"":384,""l2"":3072,""l3"":32768},""cores"":6,""threads"":12,""power_base"":65,""architecture"":""Zen 3 (Vermeer)"",""base_frequency"":3.5,""efficency_cores"":0,""power_turbo_max"":76,""turbo_frequency"":4.4}","[{""name"":""Precision Boost 2"",""description"":""Optimiza automáticamente las frecuencias según carga y temperatura.""},{""name"":""AMD StoreMI"",""description"":""Acelera el almacenamiento combinando SSD y HDD.""},{""name"":""TSMC 7nm FinFET"",""description"":""Proceso de fabricación de alta eficiencia energética.""},{""name"":""Unlocked for Overclocking"",""description"":""Permite ajuste manual de frecuencias y voltajes.""},{""name"":""SMT"",""description"":""Simultaneous Multithreading para procesar 2 hilos por núcleo.""},{""name"":""AMD-V"",""description"":""Tecnología de virtualización por hardware.""}]","{""passmark_score"":21570,""cinebench_multi"":11450,""geekbench_single"":1620}","[""Zen 3"",""AM4"",""Budget Gaming"",""Best Value"",""6 Cores""]",2026-05-03 17:06:12.856271+00,183.08
cpu-amd-ryzen-5600gt,amd-ryzen-5-5600gt,gaming,AMD Ryzen 5 5600GT,AMD,cpu,budget,"APU Ryzen 5 basada en Zen 3 Cezanne para plataforma AM4. Ofrece 6 núcleos y 12 hilos, frecuencia base de 3.6 GHz, boost de hasta 4.6 GHz, 19 MB de caché total L2+L3, TDP de 65 W, DDR4-3200, PCIe 3.0, gráficos integrados Radeon de 7 núcleos y disipador Wraith Stealth incluido.",140,2024-01-08,2024,"{""pcie"":3,""socket"":""AM4"",""chipsets"":""A320, B350, X370, A520, B450, B550, X470, X570"",""ram_type"":""DDR4"",""ram_frecuency"":3200,""ram_max_support"":128}","{""tdp"":65,""cache"":{""l1"":384,""l2"":3072,""l3"":16384},""cores"":6,""threads"":12,""power_base"":65,""architecture"":""Zen 3 (Cezanne)"",""base_frequency"":3.6,""efficency_cores"":0,""power_turbo_max"":88,""turbo_frequency"":4.6}","[{""name"":""Zen 3 Architecture"",""description"":""Arquitectura AMD Zen 3 de 7 nm con alto IPC para juegos y productividad.""},{""name"":""AMD Radeon Graphics"",""description"":""Gráficos integrados Radeon de 7 núcleos a 1900 MHz para salida de vídeo y gaming ligero.""},{""name"":""Precision Boost 2"",""description"":""Optimiza automáticamente las frecuencias según carga, temperatura y margen eléctrico.""},{""name"":""AMD StoreMI"",""description"":""Acelera el almacenamiento combinando SSD y HDD compatibles.""},{""name"":""TSMC 7nm FinFET"",""description"":""Proceso de fabricación eficiente para la APU Cezanne.""},{""name"":""PCIe 3.0 Support"",""description"":""Soporte PCI Express 3.0 para tarjetas y almacenamiento compatibles.""},{""name"":""Wraith Stealth Cooler"",""description"":""Disipador AMD Wraith Stealth incluido en la caja.""},{""name"":""Unlocked for Overclocking"",""description"":""Multiplicador desbloqueado para ajuste manual de frecuencias y voltajes.""},{""name"":""SMT"",""description"":""Simultaneous Multithreading para ejecutar dos hilos por núcleo.""}]","{""passmark_score"":20129,""cinebench_multi"":10953,""geekbench_single"":2214}","[""Zen 3"",""AM4"",""DDR4"",""APU"",""Radeon Graphics"",""6 Cores""]",2026-08-16 19:32:00+00,128.80
cpu-amd-ryzen-5600x,amd-ryzen-5-5600x,gaming,AMD Ryzen 5 5600X,AMD,cpu,mid-range,"CPU de escritorio de gama media de AMD, basado en la arquitectura Zen 3. Con 6 núcleos y 12 hilos, frecuencias de hasta 4.6 GHz y 35 MB de caché, ofrece un excelente rendimiento en juegos y aplicaciones. No incluye gráficos integrados, por lo que necesita una GPU dedicada. Se ha consolidado como una de las mejores opciones calidad-precio de su generación.",299.00,2020-11-05,2020,"{""pcie"":4,""socket"":""AM4"",""chipsets"":""A520, B450, B550, X470, X570"",""ram_type"":""DDR4"",""ram_frecuency"":3200,""ram_max_support"":128}","{""tdp"":65,""cache"":{""l1"":384,""l2"":3072,""l3"":32768},""cores"":6,""threads"":12,""power_base"":65,""architecture"":""Zen 3 (Vermeer)"",""base_frequency"":3.7,""efficency_cores"":0,""power_turbo_max"":88,""turbo_frequency"":4.6}","[{""name"":""Precision Boost 2"",""description"":""Optimiza el rendimiento según carga y temperatura.""},{""name"":""AMD StoreMI"",""description"":""Acelera el almacenamiento combinando SSD y HDD.""},{""name"":""TSMC 7nm FinFET"",""description"":""Proceso de fabricación eficiente.""},{""name"":""Unlocked for Overclocking"",""description"":""Permite aumentar frecuencia fácilmente.""},{""name"":""SMT"",""description"":""Simultaneous Multithreading: ejecuta dos hilos por núcleo para mejorar el rendimiento en multitarea.""},{""name"":""AMD-V"",""description"":""Tecnología de virtualización de AMD que permite ejecutar múltiples sistemas operativos de forma eficiente.""}]","{""passmark_score"":21911,""cinebench_multi"":12000,""geekbench_single"":1700}","[""Zen 3"",""AM4"",""Budget Gaming"",""Best Value"",""6 Cores""]",2026-05-03 17:06:12.856271+00,275.08
cpu-amd-ryzen-5700x,amd-ryzen-7-5700x,gaming,AMD Ryzen 7 5700X,AMD,cpu,high-end,"Procesador Ryzen 7 de escritorio basado en Zen 3 Vermeer para plataforma AM4. Cuenta con 8 núcleos y 16 hilos, frecuencia base de 3.4 GHz, boost de hasta 4.6 GHz, 36 MB de caché total L2+L3, TDP de 65 W, DDR4-3200 y PCIe 4.0; requiere GPU dedicada.",299,2022-04-04,2022,"{""pcie"":4,""socket"":""AM4"",""chipsets"":""A320, B350, X370, A520, B450, B550, X470, X570"",""ram_type"":""DDR4"",""ram_frecuency"":3200,""ram_max_support"":128}","{""tdp"":65,""cache"":{""l1"":512,""l2"":4096,""l3"":32768},""cores"":8,""threads"":16,""power_base"":65,""architecture"":""Zen 3 (Vermeer)"",""base_frequency"":3.4,""efficency_cores"":0,""power_turbo_max"":88,""turbo_frequency"":4.6}","[{""name"":""Zen 3 Architecture"",""description"":""Arquitectura AMD Zen 3 de 7 nm con alto IPC para juegos y productividad.""},{""name"":""Precision Boost 2"",""description"":""Optimiza automáticamente las frecuencias según carga, temperatura y margen eléctrico.""},{""name"":""Precision Boost Overdrive"",""description"":""Permite elevar límites de potencia y boost cuando la placa y la refrigeración lo permiten.""},{""name"":""AMD StoreMI"",""description"":""Acelera el almacenamiento combinando SSD y HDD compatibles.""},{""name"":""TSMC 7nm FinFET"",""description"":""Proceso de fabricación eficiente para chiplets Zen 3.""},{""name"":""PCIe 4.0 Support"",""description"":""Soporte PCI Express 4.0 para GPU y almacenamiento NVMe compatible.""},{""name"":""Unlocked for Overclocking"",""description"":""Multiplicador desbloqueado para ajuste manual de frecuencias y voltajes.""},{""name"":""SMT"",""description"":""Simultaneous Multithreading para ejecutar dos hilos por núcleo.""}]","{""passmark_score"":26563,""cinebench_multi"":13714,""geekbench_single"":2016}","[""Zen 3"",""AM4"",""DDR4"",""65W"",""Vermeer"",""8 Cores""]",2026-08-16 19:32:00+00,275.08
cpu-amd-ryzen-5700x3d,amd-ryzen-7-5700x3d,gaming,AMD Ryzen 7 5700X3D,AMD,cpu,high-end,"Procesador gaming de 8 núcleos y 16 hilos para plataforma AM4 con tecnología revolucionaria AMD 3D V-Cache, sumando un total de 96 MB de caché L3. Diseñado específicamente para maximizar la tasa de fotogramas por segundo en juegos, ofreciendo rendimiento de nivel entusiasta en placas AM4 existentes sin necesidad de cambiar a DDR5.",249.00,2024-01-31,2024,"{""pcie"":4,""socket"":""AM4"",""chipsets"":""A520, B450, B550, X470, X570"",""ram_type"":""DDR4"",""ram_frecuency"":3200,""ram_max_support"":128}","{""tdp"":105,""cache"":{""l1"":512,""l2"":4096,""l3"":98304},""cores"":8,""threads"":16,""power_base"":105,""architecture"":""Zen 3 (Vermeer)"",""base_frequency"":3,""efficency_cores"":0,""power_turbo_max"":142,""turbo_frequency"":4.1}","[{""name"":""AMD 3D V-Cache Technology"",""description"":""Incrustación vertical de memoria caché L3 de 64MB sobre el die para un total de 96MB, reduciendo drásticamente la latencia en juegos.""},{""name"":""Precision Boost 2"",""description"":""Ajuste dinámico de frecuencias optimizado para mantener temperaturas estables.""},{""name"":""TSMC 7nm FinFET"",""description"":""Proceso de fabricación eficiente de 7nm.""},{""name"":""SMT"",""description"":""Simultaneous Multithreading para 16 hilos de procesamiento.""}]","{""passmark_score"":26800,""cinebench_multi"":13500,""geekbench_single"":1820}","[""Zen 3"",""3D V-Cache"",""AM4"",""Gaming CPU"",""8 Cores""]",2026-05-03 17:06:12.856271+00,229.08
cpu-amd-ryzen-5800x,amd-ryzen-7-5800x,gaming,AMD Ryzen 7 5800X,AMD,cpu,high-end,"Procesador Ryzen 7 de escritorio basado en Zen 3 Vermeer para plataforma AM4. Integra 8 núcleos y 16 hilos, frecuencia base de 3.8 GHz, boost de hasta 4.7 GHz, 36 MB de caché total L2+L3, soporte DDR4-3200 y PCIe 4.0; requiere tarjeta gráfica dedicada.",449,2020-11-05,2020,"{""pcie"":4,""socket"":""AM4"",""chipsets"":""A520, B450, B550, X470, X570"",""ram_type"":""DDR4"",""ram_frecuency"":3200,""ram_max_support"":128}","{""tdp"":105,""cache"":{""l1"":512,""l2"":4096,""l3"":32768},""cores"":8,""threads"":16,""power_base"":105,""architecture"":""Zen 3 (Vermeer)"",""base_frequency"":3.8,""efficency_cores"":0,""power_turbo_max"":142,""turbo_frequency"":4.7}","[{""name"":""Zen 3 Architecture"",""description"":""Arquitectura AMD Zen 3 de 7 nm con alto IPC para juegos y productividad.""},{""name"":""Precision Boost 2"",""description"":""Optimiza automáticamente las frecuencias según carga, temperatura y margen eléctrico.""},{""name"":""Precision Boost Overdrive"",""description"":""Permite elevar límites de potencia y boost cuando la placa y la refrigeración lo permiten.""},{""name"":""AMD StoreMI"",""description"":""Acelera el almacenamiento combinando SSD y HDD compatibles.""},{""name"":""TSMC 7nm FinFET"",""description"":""Proceso de fabricación eficiente para chiplets Zen 3.""},{""name"":""PCIe 4.0 Support"",""description"":""Soporte PCI Express 4.0 para GPU y almacenamiento NVMe compatible.""},{""name"":""Unlocked for Overclocking"",""description"":""Multiplicador desbloqueado para ajuste manual de frecuencias y voltajes.""},{""name"":""SMT"",""description"":""Simultaneous Multithreading para ejecutar dos hilos por núcleo.""}]","{""passmark_score"":27663,""cinebench_multi"":15228,""geekbench_single"":2032}","[""Zen 3"",""AM4"",""DDR4"",""PCIe 4.0"",""Vermeer"",""8 Cores""]",2026-08-16 19:32:00+00,449
cpu-amd-ryzen-5800x3d,amd-ryzen-7-5800x3d,gaming,AMD Ryzen 7 5800X3D,AMD,cpu,high-end,"Procesador Ryzen 7 X3D basado en Zen 3 Vermeer con AMD 3D V-Cache. Ofrece 8 núcleos y 16 hilos, frecuencia base de 3.4 GHz, boost de hasta 4.5 GHz, 100 MB de caché total L2+L3, soporte DDR4-3200 y PCIe 4.0; requiere GPU dedicada.",449,2022-04-20,2022,"{""pcie"":4,""socket"":""AM4"",""chipsets"":""A520, B450, B550, X470, X570"",""ram_type"":""DDR4"",""ram_frecuency"":3200,""ram_max_support"":128}","{""tdp"":105,""cache"":{""l1"":512,""l2"":4096,""l3"":98304},""cores"":8,""threads"":16,""power_base"":105,""architecture"":""Zen 3 (Vermeer X3D)"",""base_frequency"":3.4,""efficency_cores"":0,""power_turbo_max"":142,""turbo_frequency"":4.5}","[{""name"":""AMD 3D V-Cache Technology"",""description"":""Caché L3 apilada para aumentar el rendimiento en juegos y cargas sensibles a caché.""},{""name"":""Zen 3 Architecture"",""description"":""Arquitectura AMD Zen 3 de 7 nm con alto IPC para juegos y productividad.""},{""name"":""Precision Boost 2"",""description"":""Optimiza automáticamente las frecuencias según carga, temperatura y margen eléctrico.""},{""name"":""AMD StoreMI"",""description"":""Acelera el almacenamiento combinando SSD y HDD compatibles.""},{""name"":""TSMC 7nm FinFET"",""description"":""Proceso de fabricación eficiente para chiplets Zen 3.""},{""name"":""PCIe 4.0 Support"",""description"":""Soporte PCI Express 4.0 para GPU y almacenamiento NVMe compatible.""},{""name"":""AMD Ryzen VR-Ready Premium"",""description"":""Certificación para experiencias de realidad virtual de alto rendimiento.""},{""name"":""SMT"",""description"":""Simultaneous Multithreading para ejecutar dos hilos por núcleo.""}]","{""passmark_score"":28289,""cinebench_multi"":15125,""geekbench_single"":2017}","[""Zen 3"",""3D V-Cache"",""AM4"",""DDR4"",""Gaming"",""8 Cores""]",2026-08-16 19:32:00+00,489
cpu-amd-ryzen-5900x,amd-ryzen-9-5900x,gaming,AMD Ryzen 9 5900X,AMD,cpu,enthusiast,"Procesador Ryzen 9 de escritorio basado en Zen 3 Vermeer para gaming avanzado, streaming y productividad. Combina 12 núcleos y 24 hilos, frecuencia base de 3.7 GHz, boost de hasta 4.8 GHz, 70 MB de caché total L2+L3, DDR4-3200 y PCIe 4.0; requiere GPU dedicada.",549,2020-11-05,2020,"{""pcie"":4,""socket"":""AM4"",""chipsets"":""A520, B450, B550, X470, X570"",""ram_type"":""DDR4"",""ram_frecuency"":3200,""ram_max_support"":128}","{""tdp"":105,""cache"":{""l1"":768,""l2"":6144,""l3"":65536},""cores"":12,""threads"":24,""power_base"":105,""architecture"":""Zen 3 (Vermeer)"",""base_frequency"":3.7,""efficency_cores"":0,""power_turbo_max"":142,""turbo_frequency"":4.8}","[{""name"":""Zen 3 Architecture"",""description"":""Arquitectura AMD Zen 3 de 7 nm con alto IPC para juegos y productividad.""},{""name"":""Precision Boost 2"",""description"":""Optimiza automáticamente las frecuencias según carga, temperatura y margen eléctrico.""},{""name"":""Precision Boost Overdrive"",""description"":""Permite elevar límites de potencia y boost cuando la placa y la refrigeración lo permiten.""},{""name"":""AMD StoreMI"",""description"":""Acelera el almacenamiento combinando SSD y HDD compatibles.""},{""name"":""TSMC 7nm FinFET"",""description"":""Proceso de fabricación eficiente para chiplets Zen 3.""},{""name"":""PCIe 4.0 Support"",""description"":""Soporte PCI Express 4.0 para GPU y almacenamiento NVMe compatible.""},{""name"":""Unlocked for Overclocking"",""description"":""Multiplicador desbloqueado para ajuste manual de frecuencias y voltajes.""},{""name"":""SMT"",""description"":""Simultaneous Multithreading para ejecutar dos hilos por núcleo.""}]","{""passmark_score"":38889,""cinebench_multi"":21878,""geekbench_single"":2083}","[""Zen 3"",""AM4"",""DDR4"",""PCIe 4.0"",""Ryzen 9"",""12 Cores""]",2026-08-16 19:32:00+00,549
cpu-amd-ryzen-5950x,amd-ryzen-9-5950x,gaming,AMD Ryzen 9 5950X,AMD,cpu,enthusiast,"Procesador insignia Ryzen 9 basado en Zen 3 Vermeer para gaming extremo, renderizado y productividad pesada. Integra 16 núcleos y 32 hilos, frecuencia base de 3.4 GHz, boost de hasta 4.9 GHz, 72 MB de caché total L2+L3, DDR4-3200 y PCIe 4.0; requiere GPU dedicada.",799,2020-11-05,2020,"{""pcie"":4,""socket"":""AM4"",""chipsets"":""A520, B450, B550, X470, X570"",""ram_type"":""DDR4"",""ram_frecuency"":3200,""ram_max_support"":128}","{""tdp"":105,""cache"":{""l1"":1024,""l2"":8192,""l3"":65536},""cores"":16,""threads"":32,""power_base"":105,""architecture"":""Zen 3 (Vermeer)"",""base_frequency"":3.4,""efficency_cores"":0,""power_turbo_max"":142,""turbo_frequency"":4.9}","[{""name"":""Zen 3 Architecture"",""description"":""Arquitectura AMD Zen 3 de 7 nm con alto IPC para juegos y productividad.""},{""name"":""Precision Boost 2"",""description"":""Optimiza automáticamente las frecuencias según carga, temperatura y margen eléctrico.""},{""name"":""Precision Boost Overdrive"",""description"":""Permite elevar límites de potencia y boost cuando la placa y la refrigeración lo permiten.""},{""name"":""AMD StoreMI"",""description"":""Acelera el almacenamiento combinando SSD y HDD compatibles.""},{""name"":""TSMC 7nm FinFET"",""description"":""Proceso de fabricación eficiente para chiplets Zen 3.""},{""name"":""PCIe 4.0 Support"",""description"":""Soporte PCI Express 4.0 para GPU y almacenamiento NVMe compatible.""},{""name"":""Unlocked for Overclocking"",""description"":""Multiplicador desbloqueado para ajuste manual de frecuencias y voltajes.""},{""name"":""SMT"",""description"":""Simultaneous Multithreading para ejecutar dos hilos por núcleo.""}]","{""passmark_score"":45264,""cinebench_multi"":28641,""geekbench_single"":2083}","[""Zen 3"",""AM4"",""DDR4"",""PCIe 4.0"",""Flagship"",""16 Cores""]",2026-08-16 19:32:00+00,799
cpu-amd-ryzen-7600,amd-ryzen-5-7600,gaming,AMD Ryzen 5 7600,AMD,cpu,mid-range,"Procesador de escritorio de 6 núcleos y 12 hilos basado en la arquitectura Zen 4 de 5nm para el socket AM5. Con frecuencia base de 3.8 GHz y turbo de hasta 5.1 GHz, soporte nativo para DDR5 y PCIe 5.0, e iGPU AMD Radeon Graphics integrada de 2 CUs. Ofrece un rendimiento excelente en juegos de última generación con bajo consumo de 65W.",229.00,2023-01-14,2023,"{""pcie"":5,""socket"":""AM5"",""chipsets"":""A620, B650, B650E, X670, X670E, B850, X870"",""ram_type"":""DDR5"",""ram_frecuency"":5200,""ram_max_support"":192}","{""tdp"":65,""cache"":{""l1"":384,""l2"":6144,""l3"":32768},""cores"":6,""threads"":12,""power_base"":65,""architecture"":""Zen 4 (Raphael)"",""base_frequency"":3.8,""efficency_cores"":0,""power_turbo_max"":88,""turbo_frequency"":5.1}","[{""name"":""AMD EXPO"",""description"":""Perfiles extendidos para acelerar la memoria DDR5 con overclocking de un solo clic.""},{""name"":""Precision Boost 2"",""description"":""Ajusta las frecuencias de forma dinámica para rendimiento máximo.""},{""name"":""TSMC 5nm Process"",""description"":""Proceso litográfico avanzado para mayor eficiencia energética.""},{""name"":""AMD Radeon Graphics"",""description"":""Gráficos integrados RDNA 2 con 2 CUs para salida de video y soporte multimedia.""},{""name"":""PCIe 5.0 Support"",""description"":""Soporte de nueva generación para GPUs y SSDs NVMe de ultra alta velocidad.""}]","{""passmark_score"":27400,""cinebench_multi"":14200,""geekbench_single"":2050}","[""Zen 4"",""AM5"",""DDR5"",""PCIe 5.0"",""Mid-Range Gaming"",""6 Cores""]",2026-05-03 17:06:12.856271+00,210.68
cpu-amd-ryzen-7600x,amd-ryzen-5-7600x,gaming,AMD Ryzen 5 7600X,AMD,cpu,mid-range,"Procesador de escritorio Ryzen 7000 basado en Zen 4 Raphael para plataforma AM5. Ofrece 6 núcleos y 12 hilos, frecuencia base de 4.7 GHz, boost de hasta 5.3 GHz, 38 MB de caché total L2+L3, soporte DDR5-5200, PCIe 5.0 y gráficos integrados AMD Radeon Graphics.",299,2022-09-27,2022,"{""pcie"":5,""socket"":""AM5"",""chipsets"":""A620, B650, B650E, X670, X670E, B840, B850, X870, X870E"",""ram_type"":""DDR5"",""ram_frecuency"":5200,""ram_max_support"":128}","{""tdp"":105,""cache"":{""l1"":384,""l2"":6144,""l3"":32768},""cores"":6,""threads"":12,""power_base"":105,""architecture"":""Zen 4 (Raphael)"",""base_frequency"":4.7,""efficency_cores"":0,""power_turbo_max"":142,""turbo_frequency"":5.3}","[{""name"":""Zen 4 Architecture"",""description"":""Arquitectura AMD Zen 4 con IPC mejorado y fabricación avanzada para escritorio.""},{""name"":""AMD EXPO"",""description"":""Perfiles de overclocking de memoria DDR5 optimizados para plataforma AM5.""},{""name"":""Precision Boost 2"",""description"":""Ajusta dinámicamente la frecuencia según carga, temperatura y margen eléctrico.""},{""name"":""Precision Boost Overdrive"",""description"":""Permite elevar los límites de potencia y boost cuando la refrigeración y la placa lo permiten.""},{""name"":""TSMC 5nm FinFET"",""description"":""Proceso de fabricación de 5 nm para los chiplets de CPU Zen 4.""},{""name"":""PCIe 5.0 Support"",""description"":""Soporte de conectividad PCI Express 5.0 para GPU y almacenamiento compatible.""},{""name"":""AMD Radeon Graphics"",""description"":""Gráficos integrados Radeon de 2 núcleos para salida de vídeo y uso básico.""},{""name"":""Unlocked for Overclocking"",""description"":""Multiplicador desbloqueado para ajuste manual de frecuencias y voltajes.""},{""name"":""AMD Ryzen Master"",""description"":""Herramienta de monitorización y ajuste para procesadores AMD Ryzen compatibles.""}]","{""passmark_score"":28277,""cinebench_multi"":15315,""geekbench_single"":2846}","[""Zen 4"",""AM5"",""DDR5"",""PCIe 5.0"",""Raphael"",""6 Cores""]",2026-08-16 19:27:00+00,359
cpu-amd-ryzen-7700,amd-ryzen-7-7700,gaming,AMD Ryzen 7 7700,AMD,cpu,high-end,"Procesador Ryzen 7 de escritorio basado en Zen 4 Raphael para plataforma AM5. Cuenta con 8 núcleos y 16 hilos, frecuencia base de 3.8 GHz, boost de hasta 5.3 GHz, 40 MB de caché total L2+L3, TDP de 65 W, soporte DDR5-5200, PCIe 5.0, gráficos integrados AMD Radeon Graphics y disipador AMD Wraith Prism incluido.",329,2023-01-14,2023,"{""pcie"":5,""socket"":""AM5"",""chipsets"":""A620, B650, B650E, X670, X670E, B840, B850, X870, X870E"",""ram_type"":""DDR5"",""ram_frecuency"":5200,""ram_max_support"":128}","{""tdp"":65,""cache"":{""l1"":512,""l2"":8192,""l3"":32768},""cores"":8,""threads"":16,""power_base"":65,""architecture"":""Zen 4 (Raphael)"",""base_frequency"":3.8,""efficency_cores"":0,""power_turbo_max"":88,""turbo_frequency"":5.3}","[{""name"":""Zen 4 Architecture"",""description"":""Arquitectura AMD Zen 4 con IPC mejorado y fabricación avanzada para escritorio.""},{""name"":""AMD EXPO"",""description"":""Perfiles de overclocking de memoria DDR5 optimizados para plataforma AM5.""},{""name"":""Precision Boost 2"",""description"":""Ajusta dinámicamente la frecuencia según carga, temperatura y margen eléctrico.""},{""name"":""Precision Boost Overdrive"",""description"":""Permite elevar los límites de potencia y boost cuando la refrigeración y la placa lo permiten.""},{""name"":""TSMC 5nm FinFET"",""description"":""Proceso de fabricación de 5 nm para los chiplets de CPU Zen 4.""},{""name"":""PCIe 5.0 Support"",""description"":""Soporte de conectividad PCI Express 5.0 para GPU y almacenamiento compatible.""},{""name"":""AMD Radeon Graphics"",""description"":""Gráficos integrados Radeon de 2 núcleos para salida de vídeo y uso básico.""},{""name"":""Unlocked for Overclocking"",""description"":""Multiplicador desbloqueado para ajuste manual de frecuencias y voltajes.""},{""name"":""AMD Ryzen Master"",""description"":""Herramienta de monitorización y ajuste para procesadores AMD Ryzen compatibles.""}]","{""passmark_score"":34332,""cinebench_multi"":19540,""geekbench_single"":2769}","[""Zen 4"",""AM5"",""DDR5"",""65W"",""Wraith Prism"",""8 Cores""]",2026-08-16 19:27:00+00,369
cpu-amd-ryzen-7700x,amd-ryzen-7-7700x,gaming,AMD Ryzen 7 7700X,AMD,cpu,high-end,"Procesador de escritorio Ryzen 7 basado en Zen 4 Raphael para plataforma AM5. Integra 8 núcleos y 16 hilos, frecuencia base de 4.5 GHz, boost de hasta 5.4 GHz, 40 MB de caché total L2+L3, soporte DDR5-5200, PCIe 5.0 y gráficos integrados AMD Radeon Graphics.",399,2022-09-27,2022,"{""pcie"":5,""socket"":""AM5"",""chipsets"":""A620, B650, B650E, X670, X670E, B840, B850, X870, X870E"",""ram_type"":""DDR5"",""ram_frecuency"":5200,""ram_max_support"":128}","{""tdp"":105,""cache"":{""l1"":512,""l2"":8192,""l3"":32768},""cores"":8,""threads"":16,""power_base"":105,""architecture"":""Zen 4 (Raphael)"",""base_frequency"":4.5,""efficency_cores"":0,""power_turbo_max"":142,""turbo_frequency"":5.4}","[{""name"":""Zen 4 Architecture"",""description"":""Arquitectura AMD Zen 4 con IPC mejorado y fabricación avanzada para escritorio.""},{""name"":""AMD EXPO"",""description"":""Perfiles de overclocking de memoria DDR5 optimizados para plataforma AM5.""},{""name"":""Precision Boost 2"",""description"":""Ajusta dinámicamente la frecuencia según carga, temperatura y margen eléctrico.""},{""name"":""Precision Boost Overdrive"",""description"":""Permite elevar los límites de potencia y boost cuando la refrigeración y la placa lo permiten.""},{""name"":""TSMC 5nm FinFET"",""description"":""Proceso de fabricación de 5 nm para los chiplets de CPU Zen 4.""},{""name"":""PCIe 5.0 Support"",""description"":""Soporte de conectividad PCI Express 5.0 para GPU y almacenamiento compatible.""},{""name"":""AMD Radeon Graphics"",""description"":""Gráficos integrados Radeon de 2 núcleos para salida de vídeo y uso básico.""},{""name"":""Unlocked for Overclocking"",""description"":""Multiplicador desbloqueado para ajuste manual de frecuencias y voltajes.""},{""name"":""AMD Ryzen Master"",""description"":""Herramienta de monitorización y ajuste para procesadores AMD Ryzen compatibles.""}]","{""passmark_score"":35493,""cinebench_multi"":20399,""geekbench_single"":2898}","[""Zen 4"",""AM5"",""DDR5"",""PCIe 5.0"",""High-End Gaming"",""8 Cores""]",2026-08-16 19:27:00+00,479
cpu-amd-ryzen-7800x3d,amd-ryzen-7-7800x3d,gaming,AMD Ryzen 7 7800X3D,AMD,cpu,enthusiast,"El procesador gaming definitivo basado en la arquitectura Zen 4 para socket AM5. Con 8 núcleos, 16 hilos y 96 MB de caché L3 3D V-Cache, ofrece el máximo rendimiento en juegos a 1080p y 1440p con una eficiencia energética insuperable de 120W TDP. Compatible con DDR5 y PCIe 5.0.",449.00,2023-04-06,2023,"{""pcie"":5,""socket"":""AM5"",""chipsets"":""A620, B650, B650E, X670, X670E, B850, X870"",""ram_type"":""DDR5"",""ram_frecuency"":5200,""ram_max_support"":192}","{""tdp"":120,""cache"":{""l1"":512,""l2"":8192,""l3"":98304},""cores"":8,""threads"":16,""power_base"":120,""architecture"":""Zen 4 (Raphael)"",""base_frequency"":4.2,""efficency_cores"":0,""power_turbo_max"":162,""turbo_frequency"":5}","[{""name"":""AMD 3D V-Cache Technology"",""description"":""Añade 64MB de caché L3 apilada en 3D para alcanzar 96MB de caché L3 superrápida.""},{""name"":""AMD EXPO"",""description"":""Overclocking de memoria DDR5 fácil y optimizado.""},{""name"":""Precision Boost 2"",""description"":""Optimización automática de frecuencia basada en límites térmicos y eléctricos.""},{""name"":""TSMC 5nm Process"",""description"":""Litografía de última generación para máxima potencia y eficiencia.""},{""name"":""AMD Radeon Graphics"",""description"":""Gráficos RDNA 2 integrados para diagnóstico y uso básico.""}]","{""passmark_score"":34300,""cinebench_multi"":18100,""geekbench_single"":2720}","[""Zen 4"",""3D V-Cache"",""AM5"",""Best Gaming CPU"",""Enthusiast"",""8 Cores""]",2026-05-03 17:06:12.856271+00,413.08
cpu-amd-ryzen-7900,amd-ryzen-9-7900,gaming,AMD Ryzen 9 7900,AMD,cpu,enthusiast,"Procesador Ryzen 9 de escritorio basado en Zen 4 Raphael para equipos AM5 eficientes de alto rendimiento. Ofrece 12 núcleos y 24 hilos, frecuencia base de 3.7 GHz, boost de hasta 5.4 GHz, 76 MB de caché total L2+L3, TDP de 65 W, soporte DDR5-5200, PCIe 5.0, gráficos integrados AMD Radeon Graphics y disipador AMD Wraith Prism incluido.",429,2023-01-14,2023,"{""pcie"":5,""socket"":""AM5"",""chipsets"":""A620, B650, B650E, X670, X670E, B840, B850, X870, X870E"",""ram_type"":""DDR5"",""ram_frecuency"":5200,""ram_max_support"":128}","{""tdp"":65,""cache"":{""l1"":768,""l2"":12288,""l3"":65536},""cores"":12,""threads"":24,""power_base"":65,""architecture"":""Zen 4 (Raphael)"",""base_frequency"":3.7,""efficency_cores"":0,""power_turbo_max"":88,""turbo_frequency"":5.4}","[{""name"":""Zen 4 Architecture"",""description"":""Arquitectura AMD Zen 4 con IPC mejorado y fabricación avanzada para escritorio.""},{""name"":""AMD EXPO"",""description"":""Perfiles de overclocking de memoria DDR5 optimizados para plataforma AM5.""},{""name"":""Precision Boost 2"",""description"":""Ajusta dinámicamente la frecuencia según carga, temperatura y margen eléctrico.""},{""name"":""Precision Boost Overdrive"",""description"":""Permite elevar los límites de potencia y boost cuando la refrigeración y la placa lo permiten.""},{""name"":""TSMC 5nm FinFET"",""description"":""Proceso de fabricación de 5 nm para los chiplets de CPU Zen 4.""},{""name"":""PCIe 5.0 Support"",""description"":""Soporte de conectividad PCI Express 5.0 para GPU y almacenamiento compatible.""},{""name"":""AMD Radeon Graphics"",""description"":""Gráficos integrados Radeon de 2 núcleos para salida de vídeo y uso básico.""},{""name"":""Unlocked for Overclocking"",""description"":""Multiplicador desbloqueado para ajuste manual de frecuencias y voltajes.""},{""name"":""AMD Ryzen Master"",""description"":""Herramienta de monitorización y ajuste para procesadores AMD Ryzen compatibles.""}]","{""passmark_score"":48045,""cinebench_multi"":28905,""geekbench_single"":2798}","[""Zen 4"",""AM5"",""DDR5"",""65W"",""Ryzen 9"",""12 Cores""]",2026-08-16 19:27:00+00,479
cpu-amd-ryzen-7900x,amd-ryzen-9-7900x,gaming,AMD Ryzen 9 7900X,AMD,cpu,enthusiast,"Procesador Ryzen 9 de escritorio basado en Zen 4 Raphael para gaming avanzado, streaming y creación de contenido. Combina 12 núcleos y 24 hilos, frecuencia base de 4.7 GHz, boost de hasta 5.6 GHz, 76 MB de caché total L2+L3, soporte DDR5-5200, PCIe 5.0 y gráficos integrados AMD Radeon Graphics.",549,2022-09-27,2022,"{""pcie"":5,""socket"":""AM5"",""chipsets"":""A620, B650, B650E, X670, X670E, B840, B850, X870, X870E"",""ram_type"":""DDR5"",""ram_frecuency"":5200,""ram_max_support"":128}","{""tdp"":170,""cache"":{""l1"":768,""l2"":12288,""l3"":65536},""cores"":12,""threads"":24,""power_base"":170,""architecture"":""Zen 4 (Raphael)"",""base_frequency"":4.7,""efficency_cores"":0,""power_turbo_max"":230,""turbo_frequency"":5.6}","[{""name"":""Zen 4 Architecture"",""description"":""Arquitectura AMD Zen 4 con IPC mejorado y fabricación avanzada para escritorio.""},{""name"":""AMD EXPO"",""description"":""Perfiles de overclocking de memoria DDR5 optimizados para plataforma AM5.""},{""name"":""Precision Boost 2"",""description"":""Ajusta dinámicamente la frecuencia según carga, temperatura y margen eléctrico.""},{""name"":""Precision Boost Overdrive"",""description"":""Permite elevar los límites de potencia y boost cuando la refrigeración y la placa lo permiten.""},{""name"":""TSMC 5nm FinFET"",""description"":""Proceso de fabricación de 5 nm para los chiplets de CPU Zen 4.""},{""name"":""PCIe 5.0 Support"",""description"":""Soporte de conectividad PCI Express 5.0 para GPU y almacenamiento compatible.""},{""name"":""AMD Radeon Graphics"",""description"":""Gráficos integrados Radeon de 2 núcleos para salida de vídeo y uso básico.""},{""name"":""Unlocked for Overclocking"",""description"":""Multiplicador desbloqueado para ajuste manual de frecuencias y voltajes.""},{""name"":""AMD Ryzen Master"",""description"":""Herramienta de monitorización y ajuste para procesadores AMD Ryzen compatibles.""}]","{""passmark_score"":51233,""cinebench_multi"":29654,""geekbench_single"":2920}","[""Zen 4"",""AM5"",""DDR5"",""PCIe 5.0"",""Ryzen 9"",""12 Cores""]",2026-08-16 19:27:00+00,669
cpu-amd-ryzen-7900x3d,amd-ryzen-9-7900x3d,gaming,AMD Ryzen 9 7900X3D,AMD,cpu,enthusiast,"Procesador Ryzen 9 X3D basado en Zen 4 Raphael X3D, enfocado a gaming entusiasta y cargas sensibles a caché. Cuenta con 12 núcleos y 24 hilos, frecuencia base de 4.4 GHz, boost de hasta 5.6 GHz, 140 MB de caché total L2+L3 gracias a AMD 3D V-Cache, soporte DDR5-5200, PCIe 5.0 y gráficos integrados AMD Radeon Graphics.",599,2023-02-28,2023,"{""pcie"":5,""socket"":""AM5"",""chipsets"":""A620, B650, B650E, X670, X670E, B840, B850, X870, X870E"",""ram_type"":""DDR5"",""ram_frecuency"":5200,""ram_max_support"":128}","{""tdp"":120,""cache"":{""l1"":768,""l2"":12288,""l3"":131072},""cores"":12,""threads"":24,""power_base"":120,""architecture"":""Zen 4 (Raphael X3D)"",""base_frequency"":4.4,""efficency_cores"":0,""power_turbo_max"":162,""turbo_frequency"":5.6}","[{""name"":""AMD 3D V-Cache Technology"",""description"":""Caché L3 apilada para aumentar el rendimiento en juegos y cargas sensibles a caché.""},{""name"":""Zen 4 Architecture"",""description"":""Arquitectura AMD Zen 4 con IPC mejorado y fabricación avanzada para escritorio.""},{""name"":""AMD EXPO"",""description"":""Perfiles de overclocking de memoria DDR5 optimizados para plataforma AM5.""},{""name"":""Precision Boost 2"",""description"":""Ajusta dinámicamente la frecuencia según carga, temperatura y margen eléctrico.""},{""name"":""Precision Boost Overdrive"",""description"":""Permite elevar los límites de potencia y boost cuando la refrigeración y la placa lo permiten.""},{""name"":""Curve Optimizer"",""description"":""Permite ajustar la curva de voltaje y frecuencia para mejorar eficiencia y boost.""},{""name"":""TSMC 5nm FinFET"",""description"":""Proceso de fabricación de 5 nm para los chiplets de CPU Zen 4.""},{""name"":""PCIe 5.0 Support"",""description"":""Soporte de conectividad PCI Express 5.0 para GPU y almacenamiento compatible.""},{""name"":""AMD Radeon Graphics"",""description"":""Gráficos integrados Radeon de 2 núcleos para salida de vídeo y uso básico.""},{""name"":""AMD Ryzen Master"",""description"":""Herramienta de monitorización y ajuste para procesadores AMD Ryzen compatibles.""}]","{""passmark_score"":50200,""cinebench_multi"":27084,""geekbench_single"":2896}","[""Zen 4"",""3D V-Cache"",""AM5"",""Ryzen 9"",""Enthusiast"",""12 Cores""]",2026-08-16 19:27:00+00,679
cpu-amd-ryzen-7950x,amd-ryzen-9-7950x,gaming,AMD Ryzen 9 7950X,AMD,cpu,enthusiast,"Procesador insignia Ryzen 9 basado en Zen 4 Raphael para gaming extremo, renderizado y productividad pesada. Integra 16 núcleos y 32 hilos, frecuencia base de 4.5 GHz, boost de hasta 5.7 GHz, 80 MB de caché total L2+L3, soporte DDR5-5200, PCIe 5.0 y gráficos integrados AMD Radeon Graphics.",699,2022-09-27,2022,"{""pcie"":5,""socket"":""AM5"",""chipsets"":""A620, B650, B650E, X670, X670E, B840, B850, X870, X870E"",""ram_type"":""DDR5"",""ram_frecuency"":5200,""ram_max_support"":128}","{""tdp"":170,""cache"":{""l1"":1024,""l2"":16384,""l3"":65536},""cores"":16,""threads"":32,""power_base"":170,""architecture"":""Zen 4 (Raphael)"",""base_frequency"":4.5,""efficency_cores"":0,""power_turbo_max"":230,""turbo_frequency"":5.7}","[{""name"":""Zen 4 Architecture"",""description"":""Arquitectura AMD Zen 4 con IPC mejorado y fabricación avanzada para escritorio.""},{""name"":""AMD EXPO"",""description"":""Perfiles de overclocking de memoria DDR5 optimizados para plataforma AM5.""},{""name"":""Precision Boost 2"",""description"":""Ajusta dinámicamente la frecuencia según carga, temperatura y margen eléctrico.""},{""name"":""Precision Boost Overdrive"",""description"":""Permite elevar los límites de potencia y boost cuando la refrigeración y la placa lo permiten.""},{""name"":""TSMC 5nm FinFET"",""description"":""Proceso de fabricación de 5 nm para los chiplets de CPU Zen 4.""},{""name"":""PCIe 5.0 Support"",""description"":""Soporte de conectividad PCI Express 5.0 para GPU y almacenamiento compatible.""},{""name"":""AMD Radeon Graphics"",""description"":""Gráficos integrados Radeon de 2 núcleos para salida de vídeo y uso básico.""},{""name"":""Unlocked for Overclocking"",""description"":""Multiplicador desbloqueado para ajuste manual de frecuencias y voltajes.""},{""name"":""AMD Ryzen Master"",""description"":""Herramienta de monitorización y ajuste para procesadores AMD Ryzen compatibles.""}]","{""passmark_score"":62141,""cinebench_multi"":38640,""geekbench_single"":2974}","[""Zen 4"",""AM5"",""DDR5"",""PCIe 5.0"",""Flagship"",""16 Cores""]",2026-08-16 19:27:00+00,849
cpu-amd-ryzen-7950x3d,amd-ryzen-9-7950x3d,gaming,AMD Ryzen 9 7950X3D,AMD,cpu,enthusiast,"Procesador insignia Ryzen 9 X3D basado en Zen 4 Raphael X3D, diseñado para gaming extremo, creación de contenido y multitarea intensiva. Ofrece 16 núcleos y 32 hilos, frecuencia base de 4.2 GHz, boost de hasta 5.7 GHz, 144 MB de caché total L2+L3 con AMD 3D V-Cache, soporte DDR5-5200, PCIe 5.0 y gráficos integrados AMD Radeon Graphics.",699,2023-02-28,2023,"{""pcie"":5,""socket"":""AM5"",""chipsets"":""A620, B650, B650E, X670, X670E, B840, B850, X870, X870E"",""ram_type"":""DDR5"",""ram_frecuency"":5200,""ram_max_support"":128}","{""tdp"":120,""cache"":{""l1"":1024,""l2"":16384,""l3"":131072},""cores"":16,""threads"":32,""power_base"":120,""architecture"":""Zen 4 (Raphael X3D)"",""base_frequency"":4.2,""efficency_cores"":0,""power_turbo_max"":162,""turbo_frequency"":5.7}","[{""name"":""AMD 3D V-Cache Technology"",""description"":""Caché L3 apilada para aumentar el rendimiento en juegos y cargas sensibles a caché.""},{""name"":""Zen 4 Architecture"",""description"":""Arquitectura AMD Zen 4 con IPC mejorado y fabricación avanzada para escritorio.""},{""name"":""AMD EXPO"",""description"":""Perfiles de overclocking de memoria DDR5 optimizados para plataforma AM5.""},{""name"":""Precision Boost 2"",""description"":""Ajusta dinámicamente la frecuencia según carga, temperatura y margen eléctrico.""},{""name"":""Precision Boost Overdrive"",""description"":""Permite elevar los límites de potencia y boost cuando la refrigeración y la placa lo permiten.""},{""name"":""Curve Optimizer"",""description"":""Permite ajustar la curva de voltaje y frecuencia para mejorar eficiencia y boost.""},{""name"":""TSMC 5nm FinFET"",""description"":""Proceso de fabricación de 5 nm para los chiplets de CPU Zen 4.""},{""name"":""PCIe 5.0 Support"",""description"":""Soporte de conectividad PCI Express 5.0 para GPU y almacenamiento compatible.""},{""name"":""AMD Radeon Graphics"",""description"":""Gráficos integrados Radeon de 2 núcleos para salida de vídeo y uso básico.""},{""name"":""AMD Ryzen Master"",""description"":""Herramienta de monitorización y ajuste para procesadores AMD Ryzen compatibles.""}]","{""passmark_score"":62301,""cinebench_multi"":38581,""geekbench_single"":2906}","[""Zen 4"",""3D V-Cache"",""AM5"",""Flagship Gaming"",""Enthusiast"",""16 Cores""]",2026-08-16 19:27:00+00,789
cpu-amd-ryzen-8300g,amd-ryzen-3-8300g,gaming,AMD Ryzen 3 8300G,AMD,cpu,budget,"APU Ryzen 3 de escritorio basada en Phoenix 2 para plataforma AM5. Combina 1 núcleo Zen 4 y 3 núcleos Zen 4c, con 4 núcleos y 8 hilos en total, frecuencia base de 3.4 GHz, boost de hasta 4.9 GHz, 12 MB de caché total L2+L3, TDP de 65 W, DDR5-5200, PCIe 4.0 y gráficos Radeon 740M RDNA 3.",,2024-01-31,2024,"{""pcie"":4,""socket"":""AM5"",""chipsets"":""A620, B650, B650E, X670, X670E, B840, B850, X870, X870E"",""ram_type"":""DDR5"",""ram_frecuency"":5200,""ram_max_support"":256}","{""tdp"":65,""cache"":{""l1"":256,""l2"":4096,""l3"":8192},""cores"":4,""threads"":8,""power_base"":65,""architecture"":""1x Zen 4 + 3x Zen 4c (Phoenix 2)"",""base_frequency"":3.4,""efficency_cores"":3,""power_turbo_max"":88,""turbo_frequency"":4.9}","[{""name"":""Zen 4 + Zen 4c Architecture"",""description"":""Diseño híbrido AMD con núcleos Zen 4 y Zen 4c compactos.""},{""name"":""AMD Radeon 740M Graphics"",""description"":""Gráficos integrados RDNA 3 con 4 núcleos gráficos y frecuencia de hasta 2600 MHz.""},{""name"":""AMD EXPO"",""description"":""Perfiles de overclocking de memoria DDR5 optimizados para plataforma AM5.""},{""name"":""Precision Boost 2"",""description"":""Ajusta dinámicamente la frecuencia según carga, temperatura y margen eléctrico.""},{""name"":""Precision Boost Overdrive"",""description"":""Permite elevar límites de potencia y boost cuando la refrigeración y la placa lo permiten.""},{""name"":""Curve Optimizer"",""description"":""Permite ajustar la curva de voltaje y frecuencia para mejorar eficiencia y boost.""},{""name"":""PCIe 4.0 Support"",""description"":""Soporte PCI Express 4.0 para GPU y almacenamiento compatible.""},{""name"":""Unlocked for Overclocking"",""description"":""Multiplicador desbloqueado para ajuste manual de frecuencias y voltajes.""}]","{""passmark_score"":14018,""cinebench_multi"":9661,""geekbench_single"":2627}","[""Zen 4"",""Zen 4c"",""AM5"",""DDR5"",""APU"",""Radeon 740M"",""4 Cores""]",2026-08-16 19:37:00+00,
cpu-amd-ryzen-8500g,amd-ryzen-5-8500g,gaming,AMD Ryzen 5 8500G,AMD,cpu,budget,"APU Ryzen 5 de escritorio basada en Phoenix 2 para plataforma AM5. Combina 2 núcleos Zen 4 y 4 núcleos Zen 4c, con 6 núcleos y 12 hilos en total, frecuencia base de 3.5 GHz, boost de hasta 5.0 GHz, 22 MB de caché total L2+L3, TDP de 65 W, DDR5-5200, PCIe 4.0 y gráficos Radeon 740M RDNA 3.",179,2024-01-31,2024,"{""pcie"":4,""socket"":""AM5"",""chipsets"":""A620, B650, B650E, X670, X670E, B840, B850, X870, X870E"",""ram_type"":""DDR5"",""ram_frecuency"":5200,""ram_max_support"":96}","{""tdp"":65,""cache"":{""l1"":384,""l2"":6144,""l3"":16384},""cores"":6,""threads"":12,""power_base"":65,""architecture"":""2x Zen 4 + 4x Zen 4c (Phoenix 2)"",""base_frequency"":3.5,""efficency_cores"":4,""power_turbo_max"":88,""turbo_frequency"":5}","[{""name"":""Zen 4 + Zen 4c Architecture"",""description"":""Diseño híbrido AMD con núcleos Zen 4 y Zen 4c compactos.""},{""name"":""AMD Radeon 740M Graphics"",""description"":""Gráficos integrados RDNA 3 con 4 núcleos gráficos y frecuencia de hasta 2800 MHz.""},{""name"":""AMD EXPO"",""description"":""Perfiles de overclocking de memoria DDR5 optimizados para plataforma AM5.""},{""name"":""Precision Boost 2"",""description"":""Ajusta dinámicamente la frecuencia según carga, temperatura y margen eléctrico.""},{""name"":""Precision Boost Overdrive"",""description"":""Permite elevar límites de potencia y boost cuando la refrigeración y la placa lo permiten.""},{""name"":""Curve Optimizer"",""description"":""Permite ajustar la curva de voltaje y frecuencia para mejorar eficiencia y boost.""},{""name"":""PCIe 4.0 Support"",""description"":""Soporte PCI Express 4.0 para GPU y almacenamiento compatible.""},{""name"":""Unlocked for Overclocking"",""description"":""Multiplicador desbloqueado para ajuste manual de frecuencias y voltajes.""}]","{""passmark_score"":21395,""cinebench_multi"":11561,""geekbench_single"":2686}","[""Zen 4"",""Zen 4c"",""AM5"",""DDR5"",""APU"",""Radeon 740M"",""6 Cores""]",2026-08-16 19:37:00+00,199
cpu-amd-ryzen-8600g,amd-ryzen-5-8600g,gaming,AMD Ryzen 5 8600G,AMD,cpu,mid-range,"APU Ryzen 5 de escritorio basada en Zen 4 Phoenix para plataforma AM5. Ofrece 6 núcleos y 12 hilos, frecuencia base de 4.3 GHz, boost de hasta 5.0 GHz, 22 MB de caché total L2+L3, TDP de 65 W, DDR5-5200, PCIe 4.0, gráficos Radeon 760M de 8 núcleos RDNA 3 y motor AMD Ryzen AI.",229,2024-01-31,2024,"{""pcie"":4,""socket"":""AM5"",""chipsets"":""A620, B650, B650E, X670, X670E, B840, B850, X870, X870E"",""ram_type"":""DDR5"",""ram_frecuency"":5200,""ram_max_support"":256}","{""tdp"":65,""cache"":{""l1"":384,""l2"":6144,""l3"":16384},""cores"":6,""threads"":12,""power_base"":65,""architecture"":""Zen 4 (Phoenix)"",""base_frequency"":4.3,""efficency_cores"":0,""power_turbo_max"":88,""turbo_frequency"":5}","[{""name"":""Zen 4 Architecture"",""description"":""Arquitectura AMD Zen 4 de 4 nm para alto rendimiento y eficiencia.""},{""name"":""AMD Radeon 760M Graphics"",""description"":""Gráficos integrados RDNA 3 con 8 núcleos gráficos y frecuencia de hasta 2800 MHz.""},{""name"":""AMD Ryzen AI"",""description"":""NPU integrada para acelerar cargas de IA compatibles en escritorio.""},{""name"":""AMD EXPO"",""description"":""Perfiles de overclocking de memoria DDR5 optimizados para plataforma AM5.""},{""name"":""Precision Boost 2"",""description"":""Ajusta dinámicamente la frecuencia según carga, temperatura y margen eléctrico.""},{""name"":""Precision Boost Overdrive"",""description"":""Permite elevar límites de potencia y boost cuando la refrigeración y la placa lo permiten.""},{""name"":""Curve Optimizer"",""description"":""Permite ajustar la curva de voltaje y frecuencia para mejorar eficiencia y boost.""},{""name"":""PCIe 4.0 Support"",""description"":""Soporte PCI Express 4.0 para GPU y almacenamiento compatible.""},{""name"":""Unlocked for Overclocking"",""description"":""Multiplicador desbloqueado para ajuste manual de frecuencias y voltajes.""}]","{""passmark_score"":25182,""cinebench_multi"":14067,""geekbench_single"":2671}","[""Zen 4"",""AM5"",""DDR5"",""APU"",""Radeon 760M"",""Ryzen AI"",""6 Cores""]",2026-08-16 19:37:00+00,249
cpu-amd-ryzen-8700g,amd-ryzen-7-8700g,gaming,AMD Ryzen 7 8700G,AMD,cpu,high-end,"APU Ryzen 7 de escritorio basada en Zen 4 Phoenix para plataforma AM5. Integra 8 núcleos y 16 hilos, frecuencia base de 4.2 GHz, boost de hasta 5.1 GHz, 24 MB de caché total L2+L3, TDP de 65 W, DDR5-5200, PCIe 4.0, gráficos Radeon 780M de 12 núcleos RDNA 3 y motor AMD Ryzen AI.",329,2024-01-31,2024,"{""pcie"":4,""socket"":""AM5"",""chipsets"":""A620, B650, B650E, X670, X670E, B840, B850, X870, X870E"",""ram_type"":""DDR5"",""ram_frecuency"":5200,""ram_max_support"":256}","{""tdp"":65,""cache"":{""l1"":512,""l2"":8192,""l3"":16384},""cores"":8,""threads"":16,""power_base"":65,""architecture"":""Zen 4 (Phoenix)"",""base_frequency"":4.2,""efficency_cores"":0,""power_turbo_max"":88,""turbo_frequency"":5.1}","[{""name"":""Zen 4 Architecture"",""description"":""Arquitectura AMD Zen 4 de 4 nm para alto rendimiento y eficiencia.""},{""name"":""AMD Radeon 780M Graphics"",""description"":""Gráficos integrados RDNA 3 con 12 núcleos gráficos y frecuencia de hasta 2900 MHz.""},{""name"":""AMD Ryzen AI"",""description"":""NPU integrada con rendimiento de hasta 16 TOPS para cargas de IA compatibles.""},{""name"":""AMD EXPO"",""description"":""Perfiles de overclocking de memoria DDR5 optimizados para plataforma AM5.""},{""name"":""Precision Boost 2"",""description"":""Ajusta dinámicamente la frecuencia según carga, temperatura y margen eléctrico.""},{""name"":""Precision Boost Overdrive"",""description"":""Permite elevar límites de potencia y boost cuando la refrigeración y la placa lo permiten.""},{""name"":""Curve Optimizer"",""description"":""Permite ajustar la curva de voltaje y frecuencia para mejorar eficiencia y boost.""},{""name"":""PCIe 4.0 Support"",""description"":""Soporte PCI Express 4.0 para GPU y almacenamiento compatible.""},{""name"":""Unlocked for Overclocking"",""description"":""Multiplicador desbloqueado para ajuste manual de frecuencias y voltajes.""}]","{""passmark_score"":31477,""cinebench_multi"":18040,""geekbench_single"":2721}","[""Zen 4"",""AM5"",""DDR5"",""APU"",""Radeon 780M"",""Ryzen AI"",""8 Cores""]",2026-08-16 19:37:00+00,349
cpu-amd-ryzen-9600,amd-ryzen-5-9600,gaming,AMD Ryzen 5 9600,AMD,cpu,mid-range,"Procesador de escritorio Ryzen 9000 de gama media basado en Zen 5 (Granite Ridge). Ofrece 6 núcleos y 12 hilos, frecuencia base de 3.8 GHz y boost de hasta 5.2 GHz, 38 MB de caché total (L2+L3), soporte DDR5-5600 y PCIe 5.0, gráficos integrados AMD Radeon Graphics y disipador AMD Wraith Stealth incluido.",189,2025-02-19,2025,"{""pcie"":5,""socket"":""AM5"",""chipsets"":""A620, B650, B650E, X670, X670E, X870, X870E"",""ram_type"":""DDR5"",""ram_frecuency"":5600,""ram_max_support"":256}","{""tdp"":65,""cache"":{""l1"":480,""l2"":6144,""l3"":32768},""cores"":6,""threads"":12,""power_base"":65,""architecture"":""Zen 5 (Granite Ridge)"",""base_frequency"":3.8,""efficency_cores"":0,""power_turbo_max"":88,""turbo_frequency"":5.2}","[{""name"":""Zen 5 Architecture"",""description"":""Arquitectura AMD Zen 5 de alta eficiencia y mayor IPC para escritorio.""},{""name"":""AMD EXPO"",""description"":""Perfiles de overclocking de memoria DDR5 optimizados para plataforma AM5.""},{""name"":""Precision Boost 2"",""description"":""Ajusta dinámicamente la frecuencia según carga, temperatura y margen eléctrico.""},{""name"":""TSMC 4nm FinFET"",""description"":""Proceso de fabricación avanzado para los chiplets de CPU Zen 5.""},{""name"":""PCIe 5.0 Support"",""description"":""Soporte de conectividad PCI Express 5.0 para GPU y almacenamiento compatible.""},{""name"":""AMD Radeon Graphics"",""description"":""Gráficos integrados Radeon de 2 núcleos para salida de vídeo y uso básico.""},{""name"":""Unlocked for Overclocking"",""description"":""Multiplicador desbloqueado para ajuste manual de frecuencias y voltajes.""}]","{""passmark_score"":29310,""cinebench_multi"":17215,""geekbench_single"":2753}","[""Zen 5"",""AM5"",""DDR5"",""PCIe 5.0"",""Granite Ridge"",""6 Cores""]",2026-08-16 18:46:00+00,173.88
cpu-amd-ryzen-9600x,amd-ryzen-5-9600x,gaming,AMD Ryzen 5 9600X,AMD,cpu,mid-range,"Procesador de escritorio de 6 núcleos y 12 hilos perteneciente a la serie Ryzen 9000 basada en la arquitectura Zen 5 (Granite Ridge). Fabricado en proceso de 4nm, ofrece una frecuencia base de 3.9 GHz y boost de 5.4 GHz, con mejoras significativas en IPC (instrucciones por ciclo), compatibilidad con DDR5 y PCIe 5.0, e iGPU RDNA 2.",279.00,2024-08-08,2024,"{""pcie"":5,""socket"":""AM5"",""chipsets"":""A620, B650, B650E, X670, X670E, B850, X870, X870E"",""ram_type"":""DDR5"",""ram_frecuency"":5600,""ram_max_support"":192}","{""tdp"":65,""cache"":{""l1"":480,""l2"":6144,""l3"":32768},""cores"":6,""threads"":12,""power_base"":65,""architecture"":""Zen 5 (Granite Ridge)"",""base_frequency"":3.9,""efficency_cores"":0,""power_turbo_max"":88,""turbo_frequency"":5.4}","[{""name"":""Zen 5 Architecture"",""description"":""Nueva microarquitectura con mejoras significativas de IPC y eficiencia.""},{""name"":""AMD EXPO"",""description"":""Perfiles de memoria de alto rendimiento optimizados para DDR5.""},{""name"":""Precision Boost 2"",""description"":""Aumenta dinámicamente las frecuencias según la temperatura y carga de trabajo.""},{""name"":""TSMC 4nm FinFET"",""description"":""Litografía avanzada de alta densidad para máxima eficiencia energética.""},{""name"":""PCIe 5.0 Support"",""description"":""Soporte nativo para dispositivos PCIe 5.0 en ranuras M.2 y GPU.""}]","{""passmark_score"":32800,""cinebench_multi"":16800,""geekbench_single"":2850}","[""Zen 5"",""AM5"",""DDR5"",""PCIe 5.0"",""Granite Ridge"",""6 Cores""]",2026-05-03 17:06:12.856271+00,256.68
cpu-amd-ryzen-9700x,amd-ryzen-7-9700x,gaming,AMD Ryzen 7 9700X,AMD,cpu,high-end,"Procesador de escritorio Ryzen 7 basado en Zen 5 (Granite Ridge). Integra 8 núcleos y 16 hilos, 3.8 GHz de frecuencia base y boost de hasta 5.5 GHz, 40 MB de caché total (L2+L3), soporte DDR5-5600, PCIe 5.0 y gráficos integrados AMD Radeon Graphics para builds AM5 de alto rendimiento.",359,2024-08-08,2024,"{""pcie"":5,""socket"":""AM5"",""chipsets"":""A620, B650, B650E, X670, X670E, B840, B850, X870, X870E"",""ram_type"":""DDR5"",""ram_frecuency"":5600,""ram_max_support"":256}","{""tdp"":65,""cache"":{""l1"":640,""l2"":8192,""l3"":32768},""cores"":8,""threads"":16,""power_base"":65,""architecture"":""Zen 5 (Granite Ridge)"",""base_frequency"":3.8,""efficency_cores"":0,""power_turbo_max"":88,""turbo_frequency"":5.5}","[{""name"":""Zen 5 Architecture"",""description"":""Arquitectura AMD Zen 5 de alta eficiencia y mayor IPC para escritorio.""},{""name"":""AMD EXPO"",""description"":""Perfiles de overclocking de memoria DDR5 optimizados para plataforma AM5.""},{""name"":""Precision Boost 2"",""description"":""Ajusta dinámicamente la frecuencia según carga, temperatura y margen eléctrico.""},{""name"":""TSMC 4nm FinFET"",""description"":""Proceso de fabricación avanzado para los chiplets de CPU Zen 5.""},{""name"":""PCIe 5.0 Support"",""description"":""Soporte de conectividad PCI Express 5.0 para GPU y almacenamiento compatible.""},{""name"":""AMD Radeon Graphics"",""description"":""Gráficos integrados Radeon de 2 núcleos para salida de vídeo y uso básico.""},{""name"":""Unlocked for Overclocking"",""description"":""Multiplicador desbloqueado para ajuste manual de frecuencias y voltajes.""}]","{""passmark_score"":36962,""cinebench_multi"":23127,""geekbench_single"":3023}","[""Zen 5"",""AM5"",""DDR5"",""PCIe 5.0"",""High-End Gaming"",""8 Cores""]",2026-08-16 18:46:00+00,399
cpu-amd-ryzen-9800x3d,amd-ryzen-7-9800x3d,gaming,AMD Ryzen 7 9800X3D,AMD,cpu,enthusiast,"El rey indiscutible del rendimiento gaming basado en la microarquitectura Zen 5 y la 2ª generación de la tecnología AMD 3D V-Cache (con la memoria caché ubicada bajo el CCD para mejor transferencia térmica). Ofrece 8 núcleos, 16 hilos, boost de 5.2 GHz y desbloqueo completo para overclocking en plataforma AM5 con soporte PCIe 5.0 y DDR5.",479.00,2024-11-07,2024,"{""pcie"":5,""socket"":""AM5"",""chipsets"":""A620, B650, B650E, X670, X670E, B850, X870, X870E"",""ram_type"":""DDR5"",""ram_frecuency"":5600,""ram_max_support"":192}","{""tdp"":120,""cache"":{""l1"":640,""l2"":8192,""l3"":98304},""cores"":8,""threads"":16,""power_base"":120,""architecture"":""Zen 5 (Granite Ridge)"",""base_frequency"":4.7,""efficency_cores"":0,""power_turbo_max"":162,""turbo_frequency"":5.2}","[{""name"":""2nd Gen AMD 3D V-Cache"",""description"":""Reorganización térmica con el bloque de caché L3 de 64MB situado debajo del DIE de cómputo, permitiendo mayores frecuencias y temperaturas más bajas.""},{""name"":""Unlocked for Overclocking"",""description"":""Primera CPU 3D V-Cache completamente desbloqueada para overclocking manual y PBO.""},{""name"":""Zen 5 Architecture"",""description"":""Importante salto de IPC con pipeline mejorado y ejecución más ancha.""},{""name"":""AMD EXPO"",""description"":""Perfiles de overclocking de memoria DDR5 garantizados.""},{""name"":""TSMC 4nm FinFET"",""description"":""Proceso avanzado para una eficiencia energética superior.""}]","{""passmark_score"":37500,""cinebench_multi"":23500,""geekbench_single"":3300}","[""Zen 5"",""3D V-Cache"",""AM5"",""Ultimate Gaming"",""Enthusiast"",""8 Cores""]",2026-05-03 17:06:12.856271+00,440.68
cpu-amd-ryzen-9900x,amd-ryzen-9-9900x,gaming,AMD Ryzen 9 9900X,AMD,cpu,enthusiast,"Procesador Ryzen 9 de escritorio basado en Zen 5 (Granite Ridge), orientado a gaming avanzado, streaming y creación de contenido. Combina 12 núcleos y 24 hilos, 4.4 GHz de frecuencia base, boost de hasta 5.6 GHz, 76 MB de caché total (L2+L3), DDR5-5600, PCIe 5.0 y gráficos integrados AMD Radeon Graphics.",499,2024-08-15,2024,"{""pcie"":5,""socket"":""AM5"",""chipsets"":""A620, B650, B650E, X670, X670E, B840, B850, X870, X870E"",""ram_type"":""DDR5"",""ram_frecuency"":5600,""ram_max_support"":256}","{""tdp"":120,""cache"":{""l1"":960,""l2"":12288,""l3"":65536},""cores"":12,""threads"":24,""power_base"":120,""architecture"":""Zen 5 (Granite Ridge)"",""base_frequency"":4.4,""efficency_cores"":0,""power_turbo_max"":162,""turbo_frequency"":5.6}","[{""name"":""Zen 5 Architecture"",""description"":""Arquitectura AMD Zen 5 de alta eficiencia y mayor IPC para escritorio.""},{""name"":""AMD EXPO"",""description"":""Perfiles de overclocking de memoria DDR5 optimizados para plataforma AM5.""},{""name"":""Precision Boost 2"",""description"":""Ajusta dinámicamente la frecuencia según carga, temperatura y margen eléctrico.""},{""name"":""TSMC 4nm FinFET"",""description"":""Proceso de fabricación avanzado para los chiplets de CPU Zen 5.""},{""name"":""PCIe 5.0 Support"",""description"":""Soporte de conectividad PCI Express 5.0 para GPU y almacenamiento compatible.""},{""name"":""AMD Radeon Graphics"",""description"":""Gráficos integrados Radeon de 2 núcleos para salida de vídeo y uso básico.""},{""name"":""Unlocked for Overclocking"",""description"":""Multiplicador desbloqueado para ajuste manual de frecuencias y voltajes.""},{""name"":""AMD Ryzen Master"",""description"":""Herramienta de monitorización y ajuste para procesadores AMD Ryzen compatibles.""}]","{""passmark_score"":54366,""cinebench_multi"":32960,""geekbench_single"":3010}","[""Zen 5"",""AM5"",""DDR5"",""PCIe 5.0"",""Ryzen 9"",""12 Cores""]",2026-08-16 18:46:00+00,539
cpu-amd-ryzen-9900x3d,amd-ryzen-9-9900x3d,gaming,AMD Ryzen 9 9900X3D,AMD,cpu,enthusiast,"Procesador Ryzen 9 X3D basado en Zen 5 (Granite Ridge X3D), enfocado a gaming entusiasta y cargas sensibles a caché. Integra 12 núcleos y 24 hilos, 4.4 GHz base, boost de hasta 5.5 GHz, 140 MB de caché total (L2+L3) gracias a 2nd Gen AMD 3D V-Cache, DDR5-5600, PCIe 5.0 y gráficos Radeon integrados.",599,2025-03-12,2025,"{""pcie"":5,""socket"":""AM5"",""chipsets"":""A620, B650, B650E, X670, X670E, B840, B850, X870, X870E"",""ram_type"":""DDR5"",""ram_frecuency"":5600,""ram_max_support"":256}","{""tdp"":120,""cache"":{""l1"":960,""l2"":12288,""l3"":131072},""cores"":12,""threads"":24,""power_base"":120,""architecture"":""Zen 5 (Granite Ridge X3D)"",""base_frequency"":4.4,""efficency_cores"":0,""power_turbo_max"":162,""turbo_frequency"":5.5}","[{""name"":""2nd Gen AMD 3D V-Cache"",""description"":""Caché L3 apilada de segunda generación para mejorar el rendimiento en cargas sensibles a caché.""},{""name"":""Zen 5 Architecture"",""description"":""Arquitectura AMD Zen 5 de alta eficiencia y mayor IPC para escritorio.""},{""name"":""AMD EXPO"",""description"":""Perfiles de overclocking de memoria DDR5 optimizados para plataforma AM5.""},{""name"":""Precision Boost 2"",""description"":""Ajusta dinámicamente la frecuencia según carga, temperatura y margen eléctrico.""},{""name"":""TSMC 4nm FinFET"",""description"":""Proceso de fabricación avanzado para los chiplets de CPU Zen 5.""},{""name"":""PCIe 5.0 Support"",""description"":""Soporte de conectividad PCI Express 5.0 para GPU y almacenamiento compatible.""},{""name"":""AMD Radeon Graphics"",""description"":""Gráficos integrados Radeon de 2 núcleos para salida de vídeo y uso básico.""},{""name"":""Unlocked for Overclocking"",""description"":""Multiplicador desbloqueado para ajuste manual de frecuencias y voltajes.""}]","{""passmark_score"":56122,""cinebench_multi"":32960,""geekbench_single"":3041}","[""Zen 5"",""3D V-Cache"",""AM5"",""Ryzen 9"",""Enthusiast"",""12 Cores""]",2026-08-16 18:46:00+00,659
cpu-amd-ryzen-9950x,amd-ryzen-9-9950x,gaming,AMD Ryzen 9 9950X,AMD,cpu,enthusiast,"Procesador insignia Ryzen 9 basado en Zen 5 (Granite Ridge), diseñado para equipos entusiastas de gaming, renderizado y productividad pesada. Ofrece 16 núcleos y 32 hilos, 4.3 GHz base, boost de hasta 5.7 GHz, 80 MB de caché total (L2+L3), DDR5-5600, PCIe 5.0 y gráficos integrados AMD Radeon Graphics.",649,2024-08-15,2024,"{""pcie"":5,""socket"":""AM5"",""chipsets"":""A620, B650, B650E, X670, X670E, B840, B850, X870, X870E"",""ram_type"":""DDR5"",""ram_frecuency"":5600,""ram_max_support"":256}","{""tdp"":170,""cache"":{""l1"":1280,""l2"":16384,""l3"":65536},""cores"":16,""threads"":32,""power_base"":170,""architecture"":""Zen 5 (Granite Ridge)"",""base_frequency"":4.3,""efficency_cores"":0,""power_turbo_max"":230,""turbo_frequency"":5.7}","[{""name"":""Zen 5 Architecture"",""description"":""Arquitectura AMD Zen 5 de alta eficiencia y mayor IPC para escritorio.""},{""name"":""AMD EXPO"",""description"":""Perfiles de overclocking de memoria DDR5 optimizados para plataforma AM5.""},{""name"":""Precision Boost 2"",""description"":""Ajusta dinámicamente la frecuencia según carga, temperatura y margen eléctrico.""},{""name"":""TSMC 4nm FinFET"",""description"":""Proceso de fabricación avanzado para los chiplets de CPU Zen 5.""},{""name"":""PCIe 5.0 Support"",""description"":""Soporte de conectividad PCI Express 5.0 para GPU y almacenamiento compatible.""},{""name"":""AMD Radeon Graphics"",""description"":""Gráficos integrados Radeon de 2 núcleos para salida de vídeo y uso básico.""},{""name"":""Unlocked for Overclocking"",""description"":""Multiplicador desbloqueado para ajuste manual de frecuencias y voltajes.""},{""name"":""AMD Ryzen Master"",""description"":""Herramienta de monitorización y ajuste para procesadores AMD Ryzen compatibles.""}]","{""passmark_score"":65741,""cinebench_multi"":42871,""geekbench_single"":3029}","[""Zen 5"",""AM5"",""DDR5"",""PCIe 5.0"",""Flagship"",""16 Cores""]",2026-08-16 18:46:00+00,709
cpu-amd-ryzen-9950x3d,amd-ryzen-9-9950x3d,gaming,AMD Ryzen 9 9950X3D,AMD,cpu,enthusiast,"Procesador insignia Ryzen 9 X3D basado en Zen 5 (Granite Ridge X3D), orientado a gaming extremo, creación y multitarea intensiva. Ofrece 16 núcleos y 32 hilos, 4.3 GHz base, boost de hasta 5.7 GHz, 144 MB de caché total (L2+L3) con 2nd Gen AMD 3D V-Cache, DDR5-5600, PCIe 5.0 y gráficos Radeon integrados.",699,2025-03-12,2025,"{""pcie"":5,""socket"":""AM5"",""chipsets"":""A620, B650, B650E, X670, X670E, B840, B850, X870, X870E"",""ram_type"":""DDR5"",""ram_frecuency"":5600,""ram_max_support"":256}","{""tdp"":170,""cache"":{""l1"":1280,""l2"":16384,""l3"":131072},""cores"":16,""threads"":32,""power_base"":170,""architecture"":""Zen 5 (Granite Ridge X3D)"",""base_frequency"":4.3,""efficency_cores"":0,""power_turbo_max"":230,""turbo_frequency"":5.7}","[{""name"":""2nd Gen AMD 3D V-Cache"",""description"":""Caché L3 apilada de segunda generación para mejorar el rendimiento en cargas sensibles a caché.""},{""name"":""Zen 5 Architecture"",""description"":""Arquitectura AMD Zen 5 de alta eficiencia y mayor IPC para escritorio.""},{""name"":""AMD EXPO"",""description"":""Perfiles de overclocking de memoria DDR5 optimizados para plataforma AM5.""},{""name"":""Precision Boost 2"",""description"":""Ajusta dinámicamente la frecuencia según carga, temperatura y margen eléctrico.""},{""name"":""TSMC 4nm FinFET"",""description"":""Proceso de fabricación avanzado para los chiplets de CPU Zen 5.""},{""name"":""PCIe 5.0 Support"",""description"":""Soporte de conectividad PCI Express 5.0 para GPU y almacenamiento compatible.""},{""name"":""AMD Radeon Graphics"",""description"":""Gráficos integrados Radeon de 2 núcleos para salida de vídeo y uso básico.""},{""name"":""Unlocked for Overclocking"",""description"":""Multiplicador desbloqueado para ajuste manual de frecuencias y voltajes.""},{""name"":""AMD Ryzen Master"",""description"":""Herramienta de monitorización y ajuste para procesadores AMD Ryzen compatibles.""}]","{""passmark_score"":70107,""cinebench_multi"":42246,""geekbench_single"":3064}","[""Zen 5"",""3D V-Cache"",""AM5"",""Flagship Gaming"",""Enthusiast"",""16 Cores""]",2026-08-16 18:46:00+00,769
cpu-intel-core-i3-12100,intel-core-i3-12100,gaming,Intel Core i3-12100,Intel,cpu,budget,"Procesador Intel Core i3 de 12ª generación basado en Alder Lake-S para LGA1700. Integra 4 Performance-cores y 8 hilos, frecuencia base de 3.3 GHz, turbo máximo de hasta 4.3 GHz, 12 MB de Intel Smart Cache, 5 MB de caché L2, soporte DDR5-4800/DDR4-3200, PCIe 5.0 y gráficos Intel UHD 730.",129,2022-01-04,2022,"{""pcie"":5,""socket"":""LGA 1700"",""chipsets"":""H610, B660, H670, Z690, B760, H770, Z790"",""ram_type"":""DDR5/DDR4"",""ram_frecuency"":4800,""ram_max_support"":128}","{""tdp"":60,""cache"":{""l1"":320,""l2"":5120,""l3"":12288},""cores"":4,""threads"":8,""power_base"":60,""architecture"":""Alder Lake-S"",""base_frequency"":3.3,""efficency_cores"":0,""power_turbo_max"":89,""turbo_frequency"":4.3}","[{""name"":""Alder Lake Architecture"",""description"":""Arquitectura Intel de 12ª generación con núcleos Performance Golden Cove.""},{""name"":""Intel Turbo Boost Technology 2.0"",""description"":""Aumenta dinámicamente la frecuencia bajo carga cuando hay margen térmico y eléctrico.""},{""name"":""Intel UHD Graphics 730"",""description"":""Gráficos integrados con soporte de salida de vídeo y Quick Sync.""},{""name"":""Intel Quick Sync Video"",""description"":""Aceleración por hardware para codificación y descodificación de vídeo.""},{""name"":""Intel Deep Learning Boost"",""description"":""Acelera cargas de inferencia mediante instrucciones optimizadas.""},{""name"":""PCIe 5.0 Support"",""description"":""Soporte PCI Express 5.0 para GPU y almacenamiento compatible.""},{""name"":""DDR5 and DDR4 Support"",""description"":""Compatibilidad oficial con memoria DDR5-4800 y DDR4-3200.""},{""name"":""Intel Laminar RM1 Cooler"",""description"":""Disipador Intel Laminar RM1 incluido en versiones retail compatibles.""}]","{""passmark_score"":12498,""cinebench_multi"":8443,""geekbench_single"":2115}","[""Alder Lake"",""LGA 1700"",""DDR5"",""DDR4"",""PCIe 5.0"",""Intel Core i3"",""4 Cores""]",2026-08-16 20:24:00+00,118.68
cpu-intel-core-i3-12300,intel-core-i3-12300,gaming,Intel Core i3-12300,Intel,cpu,budget,"Procesador Intel Core i3 de 12ª generación basado en Alder Lake-S para LGA1700. Integra 4 Performance-cores y 8 hilos, frecuencia base de 3.5 GHz, turbo máximo de hasta 4.4 GHz, 12 MB de Intel Smart Cache, 5 MB de caché L2, soporte DDR5-4800/DDR4-3200, PCIe 5.0 y gráficos Intel UHD 730.",157,2022-01-04,2022,"{""pcie"":5,""socket"":""LGA 1700"",""chipsets"":""H610, B660, H670, Z690, B760, H770, Z790"",""ram_type"":""DDR5/DDR4"",""ram_frecuency"":4800,""ram_max_support"":128}","{""tdp"":60,""cache"":{""l1"":320,""l2"":5120,""l3"":12288},""cores"":4,""threads"":8,""power_base"":60,""architecture"":""Alder Lake-S"",""base_frequency"":3.5,""efficency_cores"":0,""power_turbo_max"":89,""turbo_frequency"":4.4}","[{""name"":""Alder Lake Architecture"",""description"":""Arquitectura Intel de 12ª generación con núcleos Performance Golden Cove.""},{""name"":""Intel Turbo Boost Technology 2.0"",""description"":""Aumenta dinámicamente la frecuencia bajo carga cuando hay margen térmico y eléctrico.""},{""name"":""Intel UHD Graphics 730"",""description"":""Gráficos integrados con soporte de salida de vídeo y Quick Sync.""},{""name"":""Intel Quick Sync Video"",""description"":""Aceleración por hardware para codificación y descodificación de vídeo.""},{""name"":""Intel Deep Learning Boost"",""description"":""Acelera cargas de inferencia mediante instrucciones optimizadas.""},{""name"":""PCIe 5.0 Support"",""description"":""Soporte PCI Express 5.0 para GPU y almacenamiento compatible.""},{""name"":""DDR5 and DDR4 Support"",""description"":""Compatibilidad oficial con memoria DDR5-4800 y DDR4-3200.""},{""name"":""Intel Laminar RM1 Cooler"",""description"":""Disipador Intel Laminar RM1 incluido en versiones retail compatibles.""}]","{""passmark_score"":14367,""cinebench_multi"":8557,""geekbench_single"":2180}","[""Alder Lake"",""LGA 1700"",""DDR5"",""DDR4"",""PCIe 5.0"",""Intel Core i3"",""4 Cores""]",2026-08-16 20:24:00+00,144.44
cpu-intel-core-i5-12400,intel-core-i5-12400,gaming,Intel Core i5-12400,Intel,cpu,mid-range,"Procesador Intel Core i5 de 12ª generación basado en Alder Lake-S para LGA1700. Integra 6 Performance-cores y 12 hilos, frecuencia base de 2.5 GHz, turbo máximo de hasta 4.4 GHz, 18 MB de Intel Smart Cache, 7.5 MB de caché L2, soporte DDR5-4800/DDR4-3200, PCIe 5.0 y gráficos Intel UHD 730.",221,2022-01-04,2022,"{""pcie"":5,""socket"":""LGA 1700"",""chipsets"":""H610, B660, H670, Z690, B760, H770, Z790"",""ram_type"":""DDR5/DDR4"",""ram_frecuency"":4800,""ram_max_support"":128}","{""tdp"":65,""cache"":{""l1"":480,""l2"":7680,""l3"":18432},""cores"":6,""threads"":12,""power_base"":65,""architecture"":""Alder Lake-S"",""base_frequency"":2.5,""efficency_cores"":0,""power_turbo_max"":117,""turbo_frequency"":4.4}","[{""name"":""Alder Lake Architecture"",""description"":""Arquitectura Intel de 12ª generación con núcleos Performance Golden Cove.""},{""name"":""Intel Turbo Boost Technology 2.0"",""description"":""Aumenta dinámicamente la frecuencia bajo carga cuando hay margen térmico y eléctrico.""},{""name"":""Intel UHD Graphics 730"",""description"":""Gráficos integrados con soporte de salida de vídeo y Quick Sync.""},{""name"":""Intel Quick Sync Video"",""description"":""Aceleración por hardware para codificación y descodificación de vídeo.""},{""name"":""Intel Deep Learning Boost"",""description"":""Acelera cargas de inferencia mediante instrucciones optimizadas.""},{""name"":""PCIe 5.0 Support"",""description"":""Soporte PCI Express 5.0 para GPU y almacenamiento compatible.""},{""name"":""DDR5 and DDR4 Support"",""description"":""Compatibilidad oficial con memoria DDR5-4800 y DDR4-3200.""},{""name"":""Intel Laminar RM1 Cooler"",""description"":""Disipador Intel Laminar RM1 incluido en versiones retail compatibles.""}]","{""passmark_score"":19554,""cinebench_multi"":12454,""geekbench_single"":2248}","[""Alder Lake"",""LGA 1700"",""DDR5"",""DDR4"",""PCIe 5.0"",""Intel Core i5"",""6 Cores""]",2026-08-16 20:24:00+00,203.32
cpu-intel-core-i5-12500,intel-core-i5-12500,gaming,Intel Core i5-12500,Intel,cpu,mid-range,"Procesador Intel Core i5 de 12ª generación basado en Alder Lake-S para LGA1700. Integra 6 Performance-cores y 12 hilos, frecuencia base de 3.0 GHz, turbo máximo de hasta 4.6 GHz, 18 MB de Intel Smart Cache, 7.5 MB de caché L2, soporte DDR5-4800/DDR4-3200, PCIe 5.0 y gráficos Intel UHD 770.",232,2022-01-04,2022,"{""pcie"":5,""socket"":""LGA 1700"",""chipsets"":""H610, B660, H670, Z690, B760, H770, Z790"",""ram_type"":""DDR5/DDR4"",""ram_frecuency"":4800,""ram_max_support"":128}","{""tdp"":65,""cache"":{""l1"":480,""l2"":7680,""l3"":18432},""cores"":6,""threads"":12,""power_base"":65,""architecture"":""Alder Lake-S"",""base_frequency"":3,""efficency_cores"":0,""power_turbo_max"":117,""turbo_frequency"":4.6}","[{""name"":""Alder Lake Architecture"",""description"":""Arquitectura Intel de 12ª generación con núcleos Performance Golden Cove.""},{""name"":""Intel Turbo Boost Technology 2.0"",""description"":""Aumenta dinámicamente la frecuencia bajo carga cuando hay margen térmico y eléctrico.""},{""name"":""Intel UHD Graphics 770"",""description"":""Gráficos integrados con soporte de salida de vídeo y Quick Sync.""},{""name"":""Intel Quick Sync Video"",""description"":""Aceleración por hardware para codificación y descodificación de vídeo.""},{""name"":""Intel Deep Learning Boost"",""description"":""Acelera cargas de inferencia mediante instrucciones optimizadas.""},{""name"":""PCIe 5.0 Support"",""description"":""Soporte PCI Express 5.0 para GPU y almacenamiento compatible.""},{""name"":""DDR5 and DDR4 Support"",""description"":""Compatibilidad oficial con memoria DDR5-4800 y DDR4-3200.""},{""name"":""Intel Laminar RM1 Cooler"",""description"":""Disipador Intel Laminar RM1 incluido en versiones retail compatibles.""}]","{""passmark_score"":19716,""cinebench_multi"":12766,""geekbench_single"":2295}","[""Alder Lake"",""LGA 1700"",""DDR5"",""DDR4"",""PCIe 5.0"",""Intel Core i5"",""6 Cores""]",2026-08-16 20:24:00+00,213.44
cpu-intel-core-i5-12600k,intel-core-i5-12600k,gaming,Intel Core i5-12600K,Intel,cpu,mid-range,"Procesador Intel Core i5 de 12ª generación basado en Alder Lake-S para LGA1700. Integra 10 núcleos híbridos, 6 Performance-cores y 4 Efficient-cores, 16 hilos, frecuencia base P-core de 3.7 GHz, turbo máximo de hasta 4.9 GHz, 20 MB de Intel Smart Cache, 9.5 MB de caché L2, soporte DDR5-4800/DDR4-3200, PCIe 5.0 y gráficos Intel UHD 770.",328,2021-11-04,2021,"{""pcie"":5,""socket"":""LGA 1700"",""chipsets"":""H610, B660, H670, Z690, B760, H770, Z790"",""ram_type"":""DDR5/DDR4"",""ram_frecuency"":4800,""ram_max_support"":128}","{""tdp"":125,""cache"":{""l1"":864,""l2"":9728,""l3"":20480},""cores"":10,""threads"":16,""power_base"":125,""architecture"":""Alder Lake-S"",""base_frequency"":3.7,""efficency_cores"":4,""power_turbo_max"":150,""turbo_frequency"":4.9}","[{""name"":""Alder Lake Architecture"",""description"":""Arquitectura híbrida Intel de 12ª generación con Performance-cores Golden Cove y Efficient-cores Gracemont.""},{""name"":""Intel Thread Director"",""description"":""Ayuda al sistema operativo a asignar cargas entre P-cores y E-cores.""},{""name"":""Intel Turbo Boost Technology 2.0"",""description"":""Aumenta dinámicamente la frecuencia bajo carga cuando hay margen térmico y eléctrico.""},{""name"":""Intel UHD Graphics 770"",""description"":""Gráficos integrados con soporte de salida de vídeo y Quick Sync.""},{""name"":""Intel Quick Sync Video"",""description"":""Aceleración por hardware para codificación y descodificación de vídeo.""},{""name"":""PCIe 5.0 Support"",""description"":""Soporte PCI Express 5.0 para GPU y almacenamiento compatible.""},{""name"":""DDR5 and DDR4 Support"",""description"":""Compatibilidad oficial con memoria DDR5-4800 y DDR4-3200.""},{""name"":""Unlocked for Overclocking"",""description"":""Multiplicador desbloqueado para ajuste manual de frecuencias y voltajes.""}]","{""passmark_score"":27511,""cinebench_multi"":17660,""geekbench_single"":2433}","[""Alder Lake"",""LGA 1700"",""DDR5"",""DDR4"",""PCIe 5.0"",""Intel Core i5"",""10 Cores""]",2026-08-16 20:24:00+00,301.76
cpu-intel-core-i5-12600kf,intel-core-i5-12600kf,gaming,Intel Core i5-12600KF,Intel,cpu,mid-range,"Procesador Intel Core i5 de 12ª generación basado en Alder Lake-S para LGA1700. Integra 10 núcleos híbridos, 6 Performance-cores y 4 Efficient-cores, 16 hilos, frecuencia base P-core de 3.7 GHz, turbo máximo de hasta 4.9 GHz, 20 MB de Intel Smart Cache, 9.5 MB de caché L2, soporte DDR5-4800/DDR4-3200 y PCIe 5.0; no incluye gráficos integrados.",300,2021-11-04,2021,"{""pcie"":5,""socket"":""LGA 1700"",""chipsets"":""H610, B660, H670, Z690, B760, H770, Z790"",""ram_type"":""DDR5/DDR4"",""ram_frecuency"":4800,""ram_max_support"":128}","{""tdp"":125,""cache"":{""l1"":864,""l2"":9728,""l3"":20480},""cores"":10,""threads"":16,""power_base"":125,""architecture"":""Alder Lake-S"",""base_frequency"":3.7,""efficency_cores"":4,""power_turbo_max"":150,""turbo_frequency"":4.9}","[{""name"":""Alder Lake Architecture"",""description"":""Arquitectura híbrida Intel de 12ª generación con Performance-cores Golden Cove y Efficient-cores Gracemont.""},{""name"":""Intel Thread Director"",""description"":""Ayuda al sistema operativo a asignar cargas entre P-cores y E-cores.""},{""name"":""Intel Turbo Boost Technology 2.0"",""description"":""Aumenta dinámicamente la frecuencia bajo carga cuando hay margen térmico y eléctrico.""},{""name"":""Intel Deep Learning Boost"",""description"":""Acelera cargas de inferencia mediante instrucciones optimizadas.""},{""name"":""PCIe 5.0 Support"",""description"":""Soporte PCI Express 5.0 para GPU y almacenamiento compatible.""},{""name"":""DDR5 and DDR4 Support"",""description"":""Compatibilidad oficial con memoria DDR5-4800 y DDR4-3200.""},{""name"":""No Integrated Graphics"",""description"":""Versión KF sin gráficos integrados; requiere tarjeta gráfica dedicada.""},{""name"":""Unlocked for Overclocking"",""description"":""Multiplicador desbloqueado para ajuste manual de frecuencias y voltajes.""}]","{""passmark_score"":27521,""cinebench_multi"":17660,""geekbench_single"":2433}","[""Alder Lake"",""LGA 1700"",""DDR5"",""DDR4"",""PCIe 5.0"",""KF"",""No iGPU"",""10 Cores""]",2026-08-16 20:24:00+00,276.00
cpu-intel-core-i5-13400,intel-core-i5-13400,gaming,Intel Core i5-13400,Intel,cpu,mid-range,"Procesador Intel Core i5 de 13ª generación para LGA1700. Integra 10 núcleos híbridos, 6 Performance-cores y 4 Efficient-cores, 16 hilos, frecuencia base P-core de 2.5 GHz, turbo máximo de hasta 4.6 GHz, 20 MB de Intel Smart Cache, 9.5 MB de caché L2, soporte DDR5-4800/DDR4-3200, PCIe 5.0 y gráficos Intel UHD 730.",231,2023-01-03,2023,"{""pcie"":5,""socket"":""LGA 1700"",""chipsets"":""H610, B660, H670, Z690, B760, H770, Z790"",""ram_type"":""DDR5/DDR4"",""ram_frecuency"":4800,""ram_max_support"":192}","{""tdp"":65,""cache"":{""l1"":864,""l2"":9728,""l3"":20480},""cores"":10,""threads"":16,""power_base"":65,""architecture"":""Raptor Lake-S"",""base_frequency"":2.5,""efficency_cores"":4,""power_turbo_max"":148,""turbo_frequency"":4.6}","[{""name"":""Hybrid Core Architecture"",""description"":""Diseño híbrido Intel con P-cores y E-cores para equilibrar rendimiento y eficiencia.""},{""name"":""Intel Thread Director"",""description"":""Ayuda al sistema operativo a asignar cargas entre P-cores y E-cores.""},{""name"":""Intel Turbo Boost Technology 2.0"",""description"":""Aumenta dinámicamente la frecuencia bajo carga cuando hay margen térmico y eléctrico.""},{""name"":""Intel Deep Learning Boost"",""description"":""Acelera cargas de inferencia mediante instrucciones optimizadas.""},{""name"":""Intel UHD Graphics 730"",""description"":""Gráficos integrados con soporte de salida de vídeo y Quick Sync.""},{""name"":""PCIe 5.0 Support"",""description"":""Soporte PCI Express 5.0 para GPU y almacenamiento compatible.""},{""name"":""DDR5 and DDR4 Support"",""description"":""Compatibilidad oficial con memoria DDR5-4800 y DDR4-3200.""},{""name"":""Intel Laminar RM1 Cooler"",""description"":""Disipador Intel Laminar RM1 incluido en versiones retail compatibles.""}]","{""passmark_score"":23885,""cinebench_multi"":15890,""geekbench_single"":2375}","[""Raptor Lake"",""LGA 1700"",""DDR5"",""DDR4"",""PCIe 5.0"",""Intel Core i5"",""10 Cores""]",2026-08-16 20:15:00+00,212.52
cpu-intel-core-i5-13400f,intel-core-i5-13400f,gaming,Intel Core i5-13400F,Intel,cpu,mid-range,"Procesador Intel Core i5 de 13ª generación para LGA1700. Integra 10 núcleos híbridos, 6 Performance-cores y 4 Efficient-cores, 16 hilos, frecuencia base P-core de 2.5 GHz, turbo máximo de hasta 4.6 GHz, 20 MB de Intel Smart Cache, 9.5 MB de caché L2, soporte DDR5-4800/DDR4-3200 y PCIe 5.0; no incluye gráficos integrados.",206,2023-01-03,2023,"{""pcie"":5,""socket"":""LGA 1700"",""chipsets"":""H610, B660, H670, Z690, B760, H770, Z790"",""ram_type"":""DDR5/DDR4"",""ram_frecuency"":4800,""ram_max_support"":192}","{""tdp"":65,""cache"":{""l1"":864,""l2"":9728,""l3"":20480},""cores"":10,""threads"":16,""power_base"":65,""architecture"":""Raptor Lake-S"",""base_frequency"":2.5,""efficency_cores"":4,""power_turbo_max"":148,""turbo_frequency"":4.6}","[{""name"":""Hybrid Core Architecture"",""description"":""Diseño híbrido Intel con P-cores y E-cores para equilibrar rendimiento y eficiencia.""},{""name"":""Intel Thread Director"",""description"":""Ayuda al sistema operativo a asignar cargas entre P-cores y E-cores.""},{""name"":""Intel Turbo Boost Technology 2.0"",""description"":""Aumenta dinámicamente la frecuencia bajo carga cuando hay margen térmico y eléctrico.""},{""name"":""Intel Deep Learning Boost"",""description"":""Acelera cargas de inferencia mediante instrucciones optimizadas.""},{""name"":""PCIe 5.0 Support"",""description"":""Soporte PCI Express 5.0 para GPU y almacenamiento compatible.""},{""name"":""DDR5 and DDR4 Support"",""description"":""Compatibilidad oficial con memoria DDR5-4800 y DDR4-3200.""},{""name"":""No Integrated Graphics"",""description"":""Versión F sin gráficos integrados; requiere tarjeta gráfica dedicada.""},{""name"":""Intel Laminar RM1 Cooler"",""description"":""Disipador Intel Laminar RM1 incluido en versiones retail compatibles.""}]","{""passmark_score"":24909,""cinebench_multi"":15890,""geekbench_single"":2375}","[""Raptor Lake"",""LGA 1700"",""DDR5"",""DDR4"",""PCIe 5.0"",""F"",""No iGPU"",""10 Cores""]",2026-08-16 20:15:00+00,189.52
cpu-intel-core-i5-13500,intel-core-i5-13500,gaming,Intel Core i5-13500,Intel,cpu,mid-range,"Procesador Intel Core i5 de 13ª generación para LGA1700. Integra 14 núcleos híbridos, 6 Performance-cores y 8 Efficient-cores, 20 hilos, frecuencia base P-core de 2.5 GHz, turbo máximo de hasta 4.8 GHz, 24 MB de Intel Smart Cache, 11.5 MB de caché L2, soporte DDR5-4800/DDR4-3200, PCIe 5.0 y gráficos Intel UHD 770.",242,2023-01-03,2023,"{""pcie"":5,""socket"":""LGA 1700"",""chipsets"":""H610, B660, H670, Z690, B760, H770, Z790"",""ram_type"":""DDR5/DDR4"",""ram_frecuency"":4800,""ram_max_support"":192}","{""tdp"":65,""cache"":{""l1"":1248,""l2"":11776,""l3"":24576},""cores"":14,""threads"":20,""power_base"":65,""architecture"":""Raptor Lake-S"",""base_frequency"":2.5,""efficency_cores"":8,""power_turbo_max"":154,""turbo_frequency"":4.8}","[{""name"":""Hybrid Core Architecture"",""description"":""Diseño híbrido Intel con P-cores y E-cores para equilibrar rendimiento y eficiencia.""},{""name"":""Intel Thread Director"",""description"":""Ayuda al sistema operativo a asignar cargas entre P-cores y E-cores.""},{""name"":""Intel Turbo Boost Technology 2.0"",""description"":""Aumenta dinámicamente la frecuencia bajo carga cuando hay margen térmico y eléctrico.""},{""name"":""Intel Deep Learning Boost"",""description"":""Acelera cargas de inferencia mediante instrucciones optimizadas.""},{""name"":""Intel UHD Graphics 770"",""description"":""Gráficos integrados con soporte de salida de vídeo y Quick Sync.""},{""name"":""PCIe 5.0 Support"",""description"":""Soporte PCI Express 5.0 para GPU y almacenamiento compatible.""},{""name"":""DDR5 and DDR4 Support"",""description"":""Compatibilidad oficial con memoria DDR5-4800 y DDR4-3200.""},{""name"":""Intel Laminar RM1 Cooler"",""description"":""Disipador Intel Laminar RM1 incluido en versiones retail compatibles.""}]","{""passmark_score"":30788,""cinebench_multi"":21216,""geekbench_single"":2375}","[""Raptor Lake"",""LGA 1700"",""DDR5"",""DDR4"",""PCIe 5.0"",""Intel Core i5"",""14 Cores""]",2026-08-16 20:15:00+00,222.64
cpu-intel-core-i5-13600k,intel-core-i5-13600k,gaming,Intel Core i5-13600K,Intel,cpu,mid-range,"Procesador Intel Core i5 de 13ª generación basado en Raptor Lake-S para LGA1700. Integra 14 núcleos híbridos, 6 Performance-cores y 8 Efficient-cores, 20 hilos, frecuencia base P-core de 3.5 GHz, turbo máximo de hasta 5.1 GHz, 24 MB de Intel Smart Cache, 20 MB de caché L2, soporte DDR5-5600/DDR4-3200, PCIe 5.0 y gráficos Intel UHD 770.",319,2022-10-20,2022,"{""pcie"":5,""socket"":""LGA 1700"",""chipsets"":""H610, B660, H670, Z690, B760, H770, Z790"",""ram_type"":""DDR5/DDR4"",""ram_frecuency"":5600,""ram_max_support"":192}","{""tdp"":125,""cache"":{""l1"":1248,""l2"":20480,""l3"":24576},""cores"":14,""threads"":20,""power_base"":125,""architecture"":""Raptor Lake-S"",""base_frequency"":3.5,""efficency_cores"":8,""power_turbo_max"":181,""turbo_frequency"":5.1}","[{""name"":""Raptor Lake Architecture"",""description"":""Arquitectura híbrida Intel de 13ª generación con P-cores Raptor Cove y E-cores Gracemont.""},{""name"":""Intel Thread Director"",""description"":""Ayuda al sistema operativo a asignar cargas entre P-cores y E-cores.""},{""name"":""Intel Turbo Boost Technology 2.0"",""description"":""Aumenta dinámicamente la frecuencia bajo carga cuando hay margen térmico y eléctrico.""},{""name"":""Intel Deep Learning Boost"",""description"":""Acelera cargas de inferencia mediante instrucciones optimizadas.""},{""name"":""Intel UHD Graphics 770"",""description"":""Gráficos integrados con soporte de salida de vídeo y Quick Sync.""},{""name"":""PCIe 5.0 Support"",""description"":""Soporte PCI Express 5.0 para GPU y almacenamiento compatible.""},{""name"":""DDR5 and DDR4 Support"",""description"":""Compatibilidad oficial con memoria DDR5-5600 y DDR4-3200.""},{""name"":""Unlocked for Overclocking"",""description"":""Multiplicador desbloqueado para ajuste manual de frecuencias y voltajes.""}]","{""passmark_score"":37462,""cinebench_multi"":23960,""geekbench_single"":2639}","[""Raptor Lake"",""LGA 1700"",""DDR5"",""DDR4"",""PCIe 5.0"",""Intel Core i5"",""14 Cores""]",2026-08-16 20:15:00+00,293.48
cpu-intel-core-i5-13600kf,intel-core-i5-13600kf,gaming,Intel Core i5-13600KF,Intel,cpu,mid-range,"Procesador Intel Core i5 de 13ª generación basado en Raptor Lake-S para LGA1700. Integra 14 núcleos híbridos, 6 Performance-cores y 8 Efficient-cores, 20 hilos, frecuencia base P-core de 3.5 GHz, turbo máximo de hasta 5.1 GHz, 24 MB de Intel Smart Cache, 20 MB de caché L2, soporte DDR5-5600/DDR4-3200 y PCIe 5.0; no incluye gráficos integrados.",304,2022-10-20,2022,"{""pcie"":5,""socket"":""LGA 1700"",""chipsets"":""H610, B660, H670, Z690, B760, H770, Z790"",""ram_type"":""DDR5/DDR4"",""ram_frecuency"":5600,""ram_max_support"":192}","{""tdp"":125,""cache"":{""l1"":1248,""l2"":20480,""l3"":24576},""cores"":14,""threads"":20,""power_base"":125,""architecture"":""Raptor Lake-S"",""base_frequency"":3.5,""efficency_cores"":8,""power_turbo_max"":181,""turbo_frequency"":5.1}","[{""name"":""Raptor Lake Architecture"",""description"":""Arquitectura híbrida Intel de 13ª generación con P-cores Raptor Cove y E-cores Gracemont.""},{""name"":""Intel Thread Director"",""description"":""Ayuda al sistema operativo a asignar cargas entre P-cores y E-cores.""},{""name"":""Intel Turbo Boost Technology 2.0"",""description"":""Aumenta dinámicamente la frecuencia bajo carga cuando hay margen térmico y eléctrico.""},{""name"":""Intel Deep Learning Boost"",""description"":""Acelera cargas de inferencia mediante instrucciones optimizadas.""},{""name"":""PCIe 5.0 Support"",""description"":""Soporte PCI Express 5.0 para GPU y almacenamiento compatible.""},{""name"":""DDR5 and DDR4 Support"",""description"":""Compatibilidad oficial con memoria DDR5-5600 y DDR4-3200.""},{""name"":""No Integrated Graphics"",""description"":""Versión KF sin gráficos integrados; requiere tarjeta gráfica dedicada.""},{""name"":""Unlocked for Overclocking"",""description"":""Multiplicador desbloqueado para ajuste manual de frecuencias y voltajes.""}]","{""passmark_score"":37326,""cinebench_multi"":23960,""geekbench_single"":2639}","[""Raptor Lake"",""LGA 1700"",""DDR5"",""DDR4"",""PCIe 5.0"",""KF"",""No iGPU"",""14 Cores""]",2026-08-16 20:15:00+00,279.68
cpu-intel-core-i5-14400,intel-core-i5-14400,gaming,Intel Core i5-14400,Intel,cpu,mid-range,"Procesador Intel Core i5 de 14ª generación basado en Raptor Lake Refresh para plataforma LGA 1700. Integra 10 núcleos en configuración híbrida, 6 Performance-cores y 4 Efficient-cores, 16 hilos, frecuencia base P-core de 2.5 GHz, turbo de hasta 4.7 GHz, 20 MB de Intel Smart Cache, 9.5 MB de caché L2, gráficos Intel UHD 730, soporte DDR5-4800 o DDR4-3200 y PCIe 5.0.",231,2024-01-08,2024,"{""pcie"":5,""socket"":""LGA 1700"",""chipsets"":""H610, B660, H670, Z690, B760, H770, Z790"",""ram_type"":""DDR4 / DDR5"",""ram_frecuency"":4800,""ram_max_support"":192}","{""tdp"":65,""cache"":{""l1"":864,""l2"":9728,""l3"":20480},""cores"":10,""threads"":16,""power_base"":65,""architecture"":""Raptor Lake Refresh"",""base_frequency"":2.5,""efficency_cores"":4,""power_turbo_max"":148,""turbo_frequency"":4.7}","[{""name"":""Raptor Lake Refresh"",""description"":""Arquitectura Intel Core de 14ª generación para escritorio con P-cores y E-cores.""},{""name"":""Intel Hybrid Architecture"",""description"":""Arquitectura híbrida de 14ª generación con Performance-cores y Efficient-cores para equilibrar rendimiento y eficiencia.""},{""name"":""Intel Thread Director"",""description"":""Ayuda al sistema operativo a distribuir las cargas entre P-cores y E-cores.""},{""name"":""Intel Turbo Boost 2.0"",""description"":""Eleva automáticamente la frecuencia bajo carga dentro de los límites térmicos y de potencia.""},{""name"":""Intel Deep Learning Boost"",""description"":""Acelera cargas de inferencia mediante instrucciones optimizadas para IA.""},{""name"":""Intel GNA"",""description"":""Acelerador neuronal gaussiano para tareas de audio e IA de bajo consumo.""},{""name"":""PCIe 5.0 Support"",""description"":""Soporte PCI Express 5.0 para GPU y almacenamiento compatible.""},{""name"":""DDR4 / DDR5 Support"",""description"":""Compatibilidad con memoria DDR4-3200 y DDR5 según placa base.""},{""name"":""Intel UHD Graphics 730"",""description"":""Gráficos integrados para salida de vídeo y aceleración multimedia básica.""},{""name"":""Intel Quick Sync Video"",""description"":""Codificación y decodificación de vídeo acelerada por hardware.""}]","{""passmark_score"":25077,""cinebench_multi"":16074,""geekbench_single"":1905}","[""Raptor Lake Refresh"",""LGA 1700"",""DDR4"",""DDR5"",""PCIe 5.0"",""Locked"",""10 Cores""]",2026-08-16 19:45:00+00,212.52
cpu-intel-core-i5-14400f,intel-core-i5-14400f,gaming,Intel Core i5-14400F,Intel,cpu,mid-range,"Procesador Intel Core i5 de 14ª generación basado en Raptor Lake Refresh para plataforma LGA 1700. Integra 10 núcleos híbridos, 6 Performance-cores y 4 Efficient-cores, 16 hilos, frecuencia base P-core de 2.5 GHz, turbo de hasta 4.7 GHz, 20 MB de Intel Smart Cache, 9.5 MB de caché L2, soporte DDR5-4800 o DDR4-3200 y PCIe 5.0; no incluye gráficos integrados.",206,2024-01-08,2024,"{""pcie"":5,""socket"":""LGA 1700"",""chipsets"":""H610, B660, H670, Z690, B760, H770, Z790"",""ram_type"":""DDR4 / DDR5"",""ram_frecuency"":4800,""ram_max_support"":192}","{""tdp"":65,""cache"":{""l1"":864,""l2"":9728,""l3"":20480},""cores"":10,""threads"":16,""power_base"":65,""architecture"":""Raptor Lake Refresh"",""base_frequency"":2.5,""efficency_cores"":4,""power_turbo_max"":148,""turbo_frequency"":4.7}","[{""name"":""Raptor Lake Refresh"",""description"":""Arquitectura Intel Core de 14ª generación para escritorio con P-cores y E-cores.""},{""name"":""Intel Hybrid Architecture"",""description"":""Arquitectura híbrida de 14ª generación con Performance-cores y Efficient-cores para equilibrar rendimiento y eficiencia.""},{""name"":""Intel Thread Director"",""description"":""Ayuda al sistema operativo a distribuir las cargas entre P-cores y E-cores.""},{""name"":""Intel Turbo Boost 2.0"",""description"":""Eleva automáticamente la frecuencia bajo carga dentro de los límites térmicos y de potencia.""},{""name"":""Intel Deep Learning Boost"",""description"":""Acelera cargas de inferencia mediante instrucciones optimizadas para IA.""},{""name"":""Intel GNA"",""description"":""Acelerador neuronal gaussiano para tareas de audio e IA de bajo consumo.""},{""name"":""PCIe 5.0 Support"",""description"":""Soporte PCI Express 5.0 para GPU y almacenamiento compatible.""},{""name"":""DDR4 / DDR5 Support"",""description"":""Compatibilidad con memoria DDR4-3200 y DDR5 según placa base.""},{""name"":""No Integrated Graphics"",""description"":""Versión F sin gráficos integrados; requiere tarjeta gráfica dedicada.""}]","{""passmark_score"":25465,""cinebench_multi"":16074,""geekbench_single"":2058}","[""Raptor Lake Refresh"",""LGA 1700"",""DDR4"",""DDR5"",""PCIe 5.0"",""F"",""No iGPU"",""10 Cores""]",2026-08-16 19:45:00+00,189.52
cpu-intel-core-i5-14600k,intel-core-i5-14600k,gaming,Intel Core i5-14600K,Intel,cpu,mid-range,"Procesador Intel Core i5 de 14ª generación basado en Raptor Lake Refresh para plataforma LGA 1700. Integra 14 núcleos en configuración híbrida, 6 Performance-cores y 8 Efficient-cores, 20 hilos, frecuencia base P-core de 3.5 GHz, turbo de hasta 5.3 GHz, 24 MB de Intel Smart Cache, 20 MB de caché L2, gráficos Intel UHD 770, soporte DDR5-5600 o DDR4-3200 y PCIe 5.0.",329,2023-10-17,2023,"{""pcie"":5,""socket"":""LGA 1700"",""chipsets"":""H610, B660, H670, Z690, B760, H770, Z790"",""ram_type"":""DDR4 / DDR5"",""ram_frecuency"":5600,""ram_max_support"":192}","{""tdp"":125,""cache"":{""l1"":1248,""l2"":20480,""l3"":24576},""cores"":14,""threads"":20,""power_base"":125,""architecture"":""Raptor Lake Refresh"",""base_frequency"":3.5,""efficency_cores"":8,""power_turbo_max"":181,""turbo_frequency"":5.3}","[{""name"":""Raptor Lake Refresh"",""description"":""Actualización de la arquitectura Intel Core de 14ª generación para escritorio.""},{""name"":""Intel Hybrid Architecture"",""description"":""Arquitectura híbrida de 14ª generación con Performance-cores y Efficient-cores para equilibrar rendimiento y eficiencia.""},{""name"":""Intel Thread Director"",""description"":""Ayuda al sistema operativo a distribuir las cargas entre P-cores y E-cores.""},{""name"":""Intel Turbo Boost 2.0"",""description"":""Eleva automáticamente la frecuencia bajo carga dentro de los límites térmicos y de potencia.""},{""name"":""Intel Deep Learning Boost"",""description"":""Acelera cargas de inferencia mediante instrucciones optimizadas para IA.""},{""name"":""Intel GNA"",""description"":""Acelerador neuronal gaussiano para tareas de audio e IA de bajo consumo.""},{""name"":""PCIe 5.0 Support"",""description"":""Soporte PCI Express 5.0 para GPU y almacenamiento compatible.""},{""name"":""DDR4 / DDR5 Support"",""description"":""Compatibilidad con memoria DDR4-3200 y DDR5 según placa base.""},{""name"":""Intel UHD Graphics 770"",""description"":""Gráficos integrados para salida de vídeo y aceleración multimedia.""},{""name"":""Intel Quick Sync Video"",""description"":""Codificación y decodificación de vídeo acelerada por hardware.""},{""name"":""Unlocked for Overclocking"",""description"":""Multiplicador desbloqueado para ajuste manual de frecuencias y voltajes.""}]","{""passmark_score"":38403,""cinebench_multi"":24683,""geekbench_single"":2491}","[""Raptor Lake Refresh"",""LGA 1700"",""DDR4"",""DDR5"",""PCIe 5.0"",""Unlocked"",""14 Cores""]",2026-08-16 19:45:00+00,302.68
cpu-intel-core-i5-14600kf,intel-core-i5-14600kf,gaming,Intel Core i5-14600KF,Intel,cpu,mid-range,"Procesador Intel Core i5 de 14ª generación basado en Raptor Lake Refresh para plataforma LGA 1700. Integra 14 núcleos híbridos, 6 Performance-cores y 8 Efficient-cores, 20 hilos, frecuencia base P-core de 3.5 GHz, turbo de hasta 5.3 GHz, 24 MB de Intel Smart Cache, 20 MB de caché L2, soporte DDR5-5600 o DDR4-3200 y PCIe 5.0; no incluye gráficos integrados.",304,2023-10-17,2023,"{""pcie"":5,""socket"":""LGA 1700"",""chipsets"":""H610, B660, H670, Z690, B760, H770, Z790"",""ram_type"":""DDR4 / DDR5"",""ram_frecuency"":5600,""ram_max_support"":192}","{""tdp"":125,""cache"":{""l1"":1248,""l2"":20480,""l3"":24576},""cores"":14,""threads"":20,""power_base"":125,""architecture"":""Raptor Lake Refresh"",""base_frequency"":3.5,""efficency_cores"":8,""power_turbo_max"":181,""turbo_frequency"":5.3}","[{""name"":""Raptor Lake Refresh"",""description"":""Actualización de la arquitectura Intel Core de 14ª generación para escritorio.""},{""name"":""Intel Hybrid Architecture"",""description"":""Arquitectura híbrida de 14ª generación con Performance-cores y Efficient-cores para equilibrar rendimiento y eficiencia.""},{""name"":""Intel Thread Director"",""description"":""Ayuda al sistema operativo a distribuir las cargas entre P-cores y E-cores.""},{""name"":""Intel Turbo Boost 2.0"",""description"":""Eleva automáticamente la frecuencia bajo carga dentro de los límites térmicos y de potencia.""},{""name"":""Intel Deep Learning Boost"",""description"":""Acelera cargas de inferencia mediante instrucciones optimizadas para IA.""},{""name"":""Intel GNA"",""description"":""Acelerador neuronal gaussiano para tareas de audio e IA de bajo consumo.""},{""name"":""PCIe 5.0 Support"",""description"":""Soporte PCI Express 5.0 para GPU y almacenamiento compatible.""},{""name"":""DDR4 / DDR5 Support"",""description"":""Compatibilidad con memoria DDR4-3200 y DDR5 según placa base.""},{""name"":""No Integrated Graphics"",""description"":""Versión KF sin gráficos integrados; requiere tarjeta gráfica dedicada.""},{""name"":""Unlocked for Overclocking"",""description"":""Multiplicador desbloqueado para ajuste manual de frecuencias y voltajes.""}]","{""passmark_score"":38288,""cinebench_multi"":24683,""geekbench_single"":2445}","[""Raptor Lake Refresh"",""LGA 1700"",""DDR4"",""DDR5"",""PCIe 5.0"",""KF"",""No iGPU"",""14 Cores""]",2026-08-16 19:45:00+00,279.68
cpu-intel-core-i7-12700k,intel-core-i7-12700k,gaming,Intel Core i7-12700K,Intel,cpu,high-end,"Procesador Intel Core i7 de 12ª generación basado en Alder Lake-S para LGA1700. Integra 12 núcleos híbridos, 8 Performance-cores y 4 Efficient-cores, 20 hilos, frecuencia base P-core de 3.6 GHz, turbo máximo de hasta 5.0 GHz, 25 MB de Intel Smart Cache, 12 MB de caché L2, soporte DDR5-4800/DDR4-3200, PCIe 5.0 y gráficos Intel UHD 770.",460,2021-11-04,2021,"{""pcie"":5,""socket"":""LGA 1700"",""chipsets"":""H610, B660, H670, Z690, B760, H770, Z790"",""ram_type"":""DDR5/DDR4"",""ram_frecuency"":4800,""ram_max_support"":128}","{""tdp"":125,""cache"":{""l1"":1024,""l2"":12288,""l3"":25600},""cores"":12,""threads"":20,""power_base"":125,""architecture"":""Alder Lake-S"",""base_frequency"":3.6,""efficency_cores"":4,""power_turbo_max"":190,""turbo_frequency"":5}","[{""name"":""Alder Lake Architecture"",""description"":""Arquitectura híbrida Intel de 12ª generación con Performance-cores Golden Cove y Efficient-cores Gracemont.""},{""name"":""Intel Thread Director"",""description"":""Ayuda al sistema operativo a asignar cargas entre P-cores y E-cores.""},{""name"":""Intel Turbo Boost Max Technology 3.0"",""description"":""Identifica los mejores núcleos para maximizar el rendimiento de cargas ligeras.""},{""name"":""Intel UHD Graphics 770"",""description"":""Gráficos integrados con soporte de salida de vídeo y Quick Sync.""},{""name"":""Intel Quick Sync Video"",""description"":""Aceleración por hardware para codificación y descodificación de vídeo.""},{""name"":""PCIe 5.0 Support"",""description"":""Soporte PCI Express 5.0 para GPU y almacenamiento compatible.""},{""name"":""DDR5 and DDR4 Support"",""description"":""Compatibilidad oficial con memoria DDR5-4800 y DDR4-3200.""},{""name"":""Unlocked for Overclocking"",""description"":""Multiplicador desbloqueado para ajuste manual de frecuencias y voltajes.""}]","{""passmark_score"":34258,""cinebench_multi"":22812,""geekbench_single"":2546}","[""Alder Lake"",""LGA 1700"",""DDR5"",""DDR4"",""PCIe 5.0"",""Intel Core i7"",""12 Cores""]",2026-08-16 20:24:00+00,423.20
cpu-intel-core-i7-12700kf,intel-core-i7-12700kf,gaming,Intel Core i7-12700KF,Intel,cpu,high-end,"Procesador Intel Core i7 de 12ª generación basado en Alder Lake-S para LGA1700. Integra 12 núcleos híbridos, 8 Performance-cores y 4 Efficient-cores, 20 hilos, frecuencia base P-core de 3.6 GHz, turbo máximo de hasta 5.0 GHz, 25 MB de Intel Smart Cache, 12 MB de caché L2, soporte DDR5-4800/DDR4-3200 y PCIe 5.0; no incluye gráficos integrados.",432,2021-11-04,2021,"{""pcie"":5,""socket"":""LGA 1700"",""chipsets"":""H610, B660, H670, Z690, B760, H770, Z790"",""ram_type"":""DDR5/DDR4"",""ram_frecuency"":4800,""ram_max_support"":128}","{""tdp"":125,""cache"":{""l1"":1024,""l2"":12288,""l3"":25600},""cores"":12,""threads"":20,""power_base"":125,""architecture"":""Alder Lake-S"",""base_frequency"":3.6,""efficency_cores"":4,""power_turbo_max"":190,""turbo_frequency"":5}","[{""name"":""Alder Lake Architecture"",""description"":""Arquitectura híbrida Intel de 12ª generación con Performance-cores Golden Cove y Efficient-cores Gracemont.""},{""name"":""Intel Thread Director"",""description"":""Ayuda al sistema operativo a asignar cargas entre P-cores y E-cores.""},{""name"":""Intel Turbo Boost Max Technology 3.0"",""description"":""Identifica los mejores núcleos para maximizar el rendimiento de cargas ligeras.""},{""name"":""Intel Deep Learning Boost"",""description"":""Acelera cargas de inferencia mediante instrucciones optimizadas.""},{""name"":""PCIe 5.0 Support"",""description"":""Soporte PCI Express 5.0 para GPU y almacenamiento compatible.""},{""name"":""DDR5 and DDR4 Support"",""description"":""Compatibilidad oficial con memoria DDR5-4800 y DDR4-3200.""},{""name"":""No Integrated Graphics"",""description"":""Versión KF sin gráficos integrados; requiere tarjeta gráfica dedicada.""},{""name"":""Unlocked for Overclocking"",""description"":""Multiplicador desbloqueado para ajuste manual de frecuencias y voltajes.""}]","{""passmark_score"":33928,""cinebench_multi"":22812,""geekbench_single"":2546}","[""Alder Lake"",""LGA 1700"",""DDR5"",""DDR4"",""PCIe 5.0"",""KF"",""No iGPU"",""12 Cores""]",2026-08-16 20:24:00+00,397.44
cpu-intel-core-i7-13700k,intel-core-i7-13700k,gaming,Intel Core i7-13700K,Intel,cpu,high-end,"Procesador Intel Core i7 de 13ª generación basado en Raptor Lake-S para LGA1700. Integra 16 núcleos híbridos, 8 Performance-cores y 8 Efficient-cores, 24 hilos, frecuencia base P-core de 3.4 GHz, turbo máximo de hasta 5.4 GHz, 30 MB de Intel Smart Cache, 24 MB de caché L2, soporte DDR5-5600/DDR4-3200, PCIe 5.0 y gráficos Intel UHD 770.",409,2022-10-20,2022,"{""pcie"":5,""socket"":""LGA 1700"",""chipsets"":""H610, B660, H670, Z690, B760, H770, Z790"",""ram_type"":""DDR5/DDR4"",""ram_frecuency"":5600,""ram_max_support"":192}","{""tdp"":125,""cache"":{""l1"":1408,""l2"":24576,""l3"":30720},""cores"":16,""threads"":24,""power_base"":125,""architecture"":""Raptor Lake-S"",""base_frequency"":3.4,""efficency_cores"":8,""power_turbo_max"":253,""turbo_frequency"":5.4}","[{""name"":""Raptor Lake Architecture"",""description"":""Arquitectura híbrida Intel de 13ª generación con P-cores Raptor Cove y E-cores Gracemont.""},{""name"":""Intel Thread Director"",""description"":""Ayuda al sistema operativo a asignar cargas entre P-cores y E-cores.""},{""name"":""Intel Turbo Boost Max Technology 3.0"",""description"":""Identifica los mejores núcleos para maximizar el rendimiento de cargas ligeras.""},{""name"":""Intel Deep Learning Boost"",""description"":""Acelera cargas de inferencia mediante instrucciones optimizadas.""},{""name"":""Intel UHD Graphics 770"",""description"":""Gráficos integrados con soporte de salida de vídeo y Quick Sync.""},{""name"":""PCIe 5.0 Support"",""description"":""Soporte PCI Express 5.0 para GPU y almacenamiento compatible.""},{""name"":""DDR5 and DDR4 Support"",""description"":""Compatibilidad oficial con memoria DDR5-5600 y DDR4-3200.""},{""name"":""Unlocked for Overclocking"",""description"":""Multiplicador desbloqueado para ajuste manual de frecuencias y voltajes.""}]","{""passmark_score"":45637,""cinebench_multi"":30766,""geekbench_single"":2787}","[""Raptor Lake"",""LGA 1700"",""DDR5"",""DDR4"",""PCIe 5.0"",""Intel Core i7"",""16 Cores""]",2026-08-16 20:15:00+00,376.28
cpu-intel-core-i7-13700kf,intel-core-i7-13700kf,gaming,Intel Core i7-13700KF,Intel,cpu,high-end,"Procesador Intel Core i7 de 13ª generación basado en Raptor Lake-S para LGA1700. Integra 16 núcleos híbridos, 8 Performance-cores y 8 Efficient-cores, 24 hilos, frecuencia base P-core de 3.4 GHz, turbo máximo de hasta 5.4 GHz, 30 MB de Intel Smart Cache, 24 MB de caché L2, soporte DDR5-5600/DDR4-3200 y PCIe 5.0; no incluye gráficos integrados.",384,2022-10-20,2022,"{""pcie"":5,""socket"":""LGA 1700"",""chipsets"":""H610, B660, H670, Z690, B760, H770, Z790"",""ram_type"":""DDR5/DDR4"",""ram_frecuency"":5600,""ram_max_support"":192}","{""tdp"":125,""cache"":{""l1"":1408,""l2"":24576,""l3"":30720},""cores"":16,""threads"":24,""power_base"":125,""architecture"":""Raptor Lake-S"",""base_frequency"":3.4,""efficency_cores"":8,""power_turbo_max"":253,""turbo_frequency"":5.4}","[{""name"":""Raptor Lake Architecture"",""description"":""Arquitectura híbrida Intel de 13ª generación con P-cores Raptor Cove y E-cores Gracemont.""},{""name"":""Intel Thread Director"",""description"":""Ayuda al sistema operativo a asignar cargas entre P-cores y E-cores.""},{""name"":""Intel Turbo Boost Max Technology 3.0"",""description"":""Identifica los mejores núcleos para maximizar el rendimiento de cargas ligeras.""},{""name"":""Intel Deep Learning Boost"",""description"":""Acelera cargas de inferencia mediante instrucciones optimizadas.""},{""name"":""PCIe 5.0 Support"",""description"":""Soporte PCI Express 5.0 para GPU y almacenamiento compatible.""},{""name"":""DDR5 and DDR4 Support"",""description"":""Compatibilidad oficial con memoria DDR5-5600 y DDR4-3200.""},{""name"":""No Integrated Graphics"",""description"":""Versión KF sin gráficos integrados; requiere tarjeta gráfica dedicada.""},{""name"":""Unlocked for Overclocking"",""description"":""Multiplicador desbloqueado para ajuste manual de frecuencias y voltajes.""}]","{""passmark_score"":45535,""cinebench_multi"":30766,""geekbench_single"":2787}","[""Raptor Lake"",""LGA 1700"",""DDR5"",""DDR4"",""PCIe 5.0"",""KF"",""No iGPU"",""16 Cores""]",2026-08-16 20:15:00+00,353.28
cpu-intel-core-i7-14700k,intel-core-i7-14700k,gaming,Intel Core i7-14700K,Intel,cpu,high-end,"Procesador Intel Core i7 de 14ª generación basado en Raptor Lake Refresh para plataforma LGA 1700. Integra 20 núcleos en configuración híbrida, 8 Performance-cores y 12 Efficient-cores, 28 hilos, frecuencia base P-core de 3.4 GHz, turbo de hasta 5.6 GHz, 33 MB de Intel Smart Cache, 28 MB de caché L2, gráficos Intel UHD 770, soporte DDR5-5600 o DDR4-3200 y PCIe 5.0.",419,2023-10-17,2023,"{""pcie"":5,""socket"":""LGA 1700"",""chipsets"":""H610, B660, H670, Z690, B760, H770, Z790"",""ram_type"":""DDR4 / DDR5"",""ram_frecuency"":5600,""ram_max_support"":192}","{""tdp"":125,""cache"":{""l1"":1792,""l2"":28672,""l3"":33792},""cores"":20,""threads"":28,""power_base"":125,""architecture"":""Raptor Lake Refresh"",""base_frequency"":3.4,""efficency_cores"":12,""power_turbo_max"":253,""turbo_frequency"":5.6}","[{""name"":""Raptor Lake Refresh"",""description"":""Actualización de la arquitectura Intel Core de 14ª generación para escritorio.""},{""name"":""Intel Hybrid Architecture"",""description"":""Arquitectura híbrida de 14ª generación con Performance-cores y Efficient-cores para equilibrar rendimiento y eficiencia.""},{""name"":""Intel Thread Director"",""description"":""Ayuda al sistema operativo a distribuir las cargas entre P-cores y E-cores.""},{""name"":""Intel Turbo Boost 2.0"",""description"":""Eleva automáticamente la frecuencia bajo carga dentro de los límites térmicos y de potencia.""},{""name"":""Intel Turbo Boost Max Technology 3.0"",""description"":""Identifica los mejores P-cores para maximizar el rendimiento en cargas ligeras.""},{""name"":""Intel Deep Learning Boost"",""description"":""Acelera cargas de inferencia mediante instrucciones optimizadas para IA.""},{""name"":""Intel GNA"",""description"":""Acelerador neuronal gaussiano para tareas de audio e IA de bajo consumo.""},{""name"":""PCIe 5.0 Support"",""description"":""Soporte PCI Express 5.0 para GPU y almacenamiento compatible.""},{""name"":""DDR4 / DDR5 Support"",""description"":""Compatibilidad con memoria DDR4-3200 y DDR5 según placa base.""},{""name"":""Intel UHD Graphics 770"",""description"":""Gráficos integrados para salida de vídeo y aceleración multimedia.""},{""name"":""Intel Quick Sync Video"",""description"":""Codificación y decodificación de vídeo acelerada por hardware.""},{""name"":""Unlocked for Overclocking"",""description"":""Multiplicador desbloqueado para ajuste manual de frecuencias y voltajes.""}]","{""passmark_score"":51947,""cinebench_multi"":36245,""geekbench_single"":2569}","[""Raptor Lake Refresh"",""LGA 1700"",""DDR4"",""DDR5"",""PCIe 5.0"",""Unlocked"",""20 Cores""]",2026-08-16 19:45:00+00,385.48
cpu-intel-core-i7-14700kf,intel-core-i7-14700kf,gaming,Intel Core i7-14700KF,Intel,cpu,high-end,"Procesador Intel Core i7 de 14ª generación basado en Raptor Lake Refresh para plataforma LGA 1700. Integra 20 núcleos híbridos, 8 Performance-cores y 12 Efficient-cores, 28 hilos, frecuencia base P-core de 3.4 GHz, turbo de hasta 5.6 GHz, 33 MB de Intel Smart Cache, 28 MB de caché L2, soporte DDR5-5600 o DDR4-3200 y PCIe 5.0; no incluye gráficos integrados.",394,2023-10-17,2023,"{""pcie"":5,""socket"":""LGA 1700"",""chipsets"":""H610, B660, H670, Z690, B760, H770, Z790"",""ram_type"":""DDR4 / DDR5"",""ram_frecuency"":5600,""ram_max_support"":192}","{""tdp"":125,""cache"":{""l1"":1792,""l2"":28672,""l3"":33792},""cores"":20,""threads"":28,""power_base"":125,""architecture"":""Raptor Lake Refresh"",""base_frequency"":3.4,""efficency_cores"":12,""power_turbo_max"":253,""turbo_frequency"":5.6}","[{""name"":""Raptor Lake Refresh"",""description"":""Actualización de la arquitectura Intel Core de 14ª generación para escritorio.""},{""name"":""Intel Hybrid Architecture"",""description"":""Arquitectura híbrida de 14ª generación con Performance-cores y Efficient-cores para equilibrar rendimiento y eficiencia.""},{""name"":""Intel Thread Director"",""description"":""Ayuda al sistema operativo a distribuir las cargas entre P-cores y E-cores.""},{""name"":""Intel Turbo Boost 2.0"",""description"":""Eleva automáticamente la frecuencia bajo carga dentro de los límites térmicos y de potencia.""},{""name"":""Intel Turbo Boost Max Technology 3.0"",""description"":""Identifica los mejores P-cores para maximizar el rendimiento en cargas ligeras.""},{""name"":""Intel Deep Learning Boost"",""description"":""Acelera cargas de inferencia mediante instrucciones optimizadas para IA.""},{""name"":""Intel GNA"",""description"":""Acelerador neuronal gaussiano para tareas de audio e IA de bajo consumo.""},{""name"":""PCIe 5.0 Support"",""description"":""Soporte PCI Express 5.0 para GPU y almacenamiento compatible.""},{""name"":""DDR4 / DDR5 Support"",""description"":""Compatibilidad con memoria DDR4-3200 y DDR5 según placa base.""},{""name"":""No Integrated Graphics"",""description"":""Versión KF sin gráficos integrados; requiere tarjeta gráfica dedicada.""},{""name"":""Unlocked for Overclocking"",""description"":""Multiplicador desbloqueado para ajuste manual de frecuencias y voltajes.""}]","{""passmark_score"":51962,""cinebench_multi"":36245,""geekbench_single"":2578}","[""Raptor Lake Refresh"",""LGA 1700"",""DDR4"",""DDR5"",""PCIe 5.0"",""KF"",""No iGPU"",""20 Cores""]",2026-08-16 19:45:00+00,362.48
cpu-intel-core-i9-12900k,intel-core-i9-12900k,gaming,Intel Core i9-12900K,Intel,cpu,enthusiast,"Procesador Intel Core i9 de 12ª generación basado en Alder Lake-S para LGA1700. Integra 16 núcleos híbridos, 8 Performance-cores y 8 Efficient-cores, 24 hilos, frecuencia base P-core de 3.2 GHz, turbo máximo de hasta 5.2 GHz, 30 MB de Intel Smart Cache, 14 MB de caché L2, soporte DDR5-4800/DDR4-3200, PCIe 5.0 y gráficos Intel UHD 770.",658,2021-11-04,2021,"{""pcie"":5,""socket"":""LGA 1700"",""chipsets"":""H610, B660, H670, Z690, B760, H770, Z790"",""ram_type"":""DDR5/DDR4"",""ram_frecuency"":4800,""ram_max_support"":128}","{""tdp"":125,""cache"":{""l1"":1408,""l2"":14336,""l3"":30720},""cores"":16,""threads"":24,""power_base"":125,""architecture"":""Alder Lake-S"",""base_frequency"":3.2,""efficency_cores"":8,""power_turbo_max"":241,""turbo_frequency"":5.2}","[{""name"":""Alder Lake Architecture"",""description"":""Arquitectura híbrida Intel de 12ª generación con Performance-cores Golden Cove y Efficient-cores Gracemont.""},{""name"":""Intel Thread Director"",""description"":""Ayuda al sistema operativo a asignar cargas entre P-cores y E-cores.""},{""name"":""Intel Thermal Velocity Boost"",""description"":""Eleva frecuencias de forma oportunista cuando temperatura y potencia lo permiten.""},{""name"":""Intel Turbo Boost Max Technology 3.0"",""description"":""Identifica los mejores núcleos para maximizar el rendimiento de cargas ligeras.""},{""name"":""Intel UHD Graphics 770"",""description"":""Gráficos integrados con soporte de salida de vídeo y Quick Sync.""},{""name"":""Intel Quick Sync Video"",""description"":""Aceleración por hardware para codificación y descodificación de vídeo.""},{""name"":""PCIe 5.0 Support"",""description"":""Soporte PCI Express 5.0 para GPU y almacenamiento compatible.""},{""name"":""DDR5 and DDR4 Support"",""description"":""Compatibilidad oficial con memoria DDR5-4800 y DDR4-3200.""},{""name"":""Unlocked for Overclocking"",""description"":""Multiplicador desbloqueado para ajuste manual de frecuencias y voltajes.""}]","{""passmark_score"":41118,""cinebench_multi"":27472,""geekbench_single"":2621}","[""Alder Lake"",""LGA 1700"",""DDR5"",""DDR4"",""PCIe 5.0"",""Intel Core i9"",""16 Cores""]",2026-08-16 20:24:00+00,605.36
cpu-intel-core-i9-12900kf,intel-core-i9-12900kf,gaming,Intel Core i9-12900KF,Intel,cpu,enthusiast,"Procesador Intel Core i9 de 12ª generación basado en Alder Lake-S para LGA1700. Integra 16 núcleos híbridos, 8 Performance-cores y 8 Efficient-cores, 24 hilos, frecuencia base P-core de 3.2 GHz, turbo máximo de hasta 5.2 GHz, 30 MB de Intel Smart Cache, 14 MB de caché L2, soporte DDR5-4800/DDR4-3200 y PCIe 5.0; no incluye gráficos integrados.",630,2021-11-04,2021,"{""pcie"":5,""socket"":""LGA 1700"",""chipsets"":""H610, B660, H670, Z690, B760, H770, Z790"",""ram_type"":""DDR5/DDR4"",""ram_frecuency"":4800,""ram_max_support"":128}","{""tdp"":125,""cache"":{""l1"":1408,""l2"":14336,""l3"":30720},""cores"":16,""threads"":24,""power_base"":125,""architecture"":""Alder Lake-S"",""base_frequency"":3.2,""efficency_cores"":8,""power_turbo_max"":241,""turbo_frequency"":5.2}","[{""name"":""Alder Lake Architecture"",""description"":""Arquitectura híbrida Intel de 12ª generación con Performance-cores Golden Cove y Efficient-cores Gracemont.""},{""name"":""Intel Thread Director"",""description"":""Ayuda al sistema operativo a asignar cargas entre P-cores y E-cores.""},{""name"":""Intel Thermal Velocity Boost"",""description"":""Eleva frecuencias de forma oportunista cuando temperatura y potencia lo permiten.""},{""name"":""Intel Turbo Boost Max Technology 3.0"",""description"":""Identifica los mejores núcleos para maximizar el rendimiento de cargas ligeras.""},{""name"":""Intel Deep Learning Boost"",""description"":""Acelera cargas de inferencia mediante instrucciones optimizadas.""},{""name"":""PCIe 5.0 Support"",""description"":""Soporte PCI Express 5.0 para GPU y almacenamiento compatible.""},{""name"":""DDR5 and DDR4 Support"",""description"":""Compatibilidad oficial con memoria DDR5-4800 y DDR4-3200.""},{""name"":""No Integrated Graphics"",""description"":""Versión KF sin gráficos integrados; requiere tarjeta gráfica dedicada.""},{""name"":""Unlocked for Overclocking"",""description"":""Multiplicador desbloqueado para ajuste manual de frecuencias y voltajes.""}]","{""passmark_score"":40495,""cinebench_multi"":27472,""geekbench_single"":2621}","[""Alder Lake"",""LGA 1700"",""DDR5"",""DDR4"",""PCIe 5.0"",""KF"",""No iGPU"",""16 Cores""]",2026-08-16 20:24:00+00,579.60
cpu-intel-core-i9-12900ks,intel-core-i9-12900ks,gaming,Intel Core i9-12900KS,Intel,cpu,enthusiast,"Procesador Intel Core i9 Special Edition de 12ª generación basado en Alder Lake-S para LGA1700. Integra 16 núcleos híbridos, 8 Performance-cores y 8 Efficient-cores, 24 hilos, frecuencia base P-core de 3.4 GHz, turbo máximo de hasta 5.5 GHz, 30 MB de Intel Smart Cache, 14 MB de caché L2, soporte DDR5-4800/DDR4-3200, PCIe 5.0 y gráficos Intel UHD 770.",813,2022-04-05,2022,"{""pcie"":5,""socket"":""LGA 1700"",""chipsets"":""H610, B660, H670, Z690, B760, H770, Z790"",""ram_type"":""DDR5/DDR4"",""ram_frecuency"":4800,""ram_max_support"":128}","{""tdp"":150,""cache"":{""l1"":1408,""l2"":14336,""l3"":30720},""cores"":16,""threads"":24,""power_base"":150,""architecture"":""Alder Lake-S"",""base_frequency"":3.4,""efficency_cores"":8,""power_turbo_max"":241,""turbo_frequency"":5.5}","[{""name"":""Alder Lake Architecture"",""description"":""Arquitectura híbrida Intel de 12ª generación con Performance-cores Golden Cove y Efficient-cores Gracemont.""},{""name"":""Intel Thread Director"",""description"":""Ayuda al sistema operativo a asignar cargas entre P-cores y E-cores.""},{""name"":""Intel Thermal Velocity Boost"",""description"":""Eleva frecuencias de forma oportunista cuando temperatura y potencia lo permiten.""},{""name"":""Intel Turbo Boost Max Technology 3.0"",""description"":""Identifica los mejores núcleos para maximizar el rendimiento de cargas ligeras.""},{""name"":""Intel Adaptive Boost Technology"",""description"":""Aumenta frecuencias multinúcleo bajo condiciones térmicas y eléctricas adecuadas.""},{""name"":""Intel UHD Graphics 770"",""description"":""Gráficos integrados con soporte de salida de vídeo y Quick Sync.""},{""name"":""Intel Quick Sync Video"",""description"":""Aceleración por hardware para codificación y descodificación de vídeo.""},{""name"":""PCIe 5.0 Support"",""description"":""Soporte PCI Express 5.0 para GPU y almacenamiento compatible.""},{""name"":""Unlocked for Overclocking"",""description"":""Multiplicador desbloqueado para ajuste manual de frecuencias y voltajes.""}]","{""passmark_score"":43408,""cinebench_multi"":28206,""geekbench_single"":2817}","[""Alder Lake"",""Special Edition"",""LGA 1700"",""DDR5"",""DDR4"",""PCIe 5.0"",""Intel Core i9"",""16 Cores""]",2026-08-16 20:24:00+00,747.96
cpu-intel-core-i9-13900k,intel-core-i9-13900k,gaming,Intel Core i9-13900K,Intel,cpu,enthusiast,"Procesador Intel Core i9 de 13ª generación basado en Raptor Lake-S para LGA1700. Integra 24 núcleos híbridos, 8 Performance-cores y 16 Efficient-cores, 32 hilos, frecuencia base P-core de 3.0 GHz, turbo máximo de hasta 5.8 GHz, 36 MB de Intel Smart Cache, 32 MB de caché L2, soporte DDR5-5600/DDR4-3200, PCIe 5.0 y gráficos Intel UHD 770.",589,2022-10-20,2022,"{""pcie"":5,""socket"":""LGA 1700"",""chipsets"":""H610, B660, H670, Z690, B760, H770, Z790"",""ram_type"":""DDR5/DDR4"",""ram_frecuency"":5600,""ram_max_support"":192}","{""tdp"":125,""cache"":{""l1"":2176,""l2"":32768,""l3"":36864},""cores"":24,""threads"":32,""power_base"":125,""architecture"":""Raptor Lake-S"",""base_frequency"":3,""efficency_cores"":16,""power_turbo_max"":253,""turbo_frequency"":5.8}","[{""name"":""Raptor Lake Architecture"",""description"":""Arquitectura híbrida Intel de 13ª generación con P-cores Raptor Cove y E-cores Gracemont.""},{""name"":""Intel Thread Director"",""description"":""Ayuda al sistema operativo a asignar cargas entre P-cores y E-cores.""},{""name"":""Intel Thermal Velocity Boost"",""description"":""Eleva frecuencias de forma oportunista cuando temperatura y potencia lo permiten.""},{""name"":""Intel Turbo Boost Max Technology 3.0"",""description"":""Identifica los mejores núcleos para maximizar el rendimiento de cargas ligeras.""},{""name"":""Intel Adaptive Boost Technology"",""description"":""Aumenta frecuencias multinúcleo bajo condiciones térmicas y eléctricas adecuadas.""},{""name"":""Intel UHD Graphics 770"",""description"":""Gráficos integrados con soporte de salida de vídeo y Quick Sync.""},{""name"":""PCIe 5.0 Support"",""description"":""Soporte PCI Express 5.0 para GPU y almacenamiento compatible.""},{""name"":""Unlocked for Overclocking"",""description"":""Multiplicador desbloqueado para ajuste manual de frecuencias y voltajes.""}]","{""passmark_score"":58097,""cinebench_multi"":39652,""geekbench_single"":2868}","[""Raptor Lake"",""LGA 1700"",""DDR5"",""DDR4"",""PCIe 5.0"",""Intel Core i9"",""24 Cores""]",2026-08-16 20:15:00+00,541.88
cpu-intel-core-i9-13900kf,intel-core-i9-13900kf,gaming,Intel Core i9-13900KF,Intel,cpu,enthusiast,"Procesador Intel Core i9 de 13ª generación basado en Raptor Lake-S para LGA1700. Integra 24 núcleos híbridos, 8 Performance-cores y 16 Efficient-cores, 32 hilos, frecuencia base P-core de 3.0 GHz, turbo máximo de hasta 5.8 GHz, 36 MB de Intel Smart Cache, 32 MB de caché L2, soporte DDR5-5600/DDR4-3200 y PCIe 5.0; no incluye gráficos integrados.",564,2022-10-20,2022,"{""pcie"":5,""socket"":""LGA 1700"",""chipsets"":""H610, B660, H670, Z690, B760, H770, Z790"",""ram_type"":""DDR5/DDR4"",""ram_frecuency"":5600,""ram_max_support"":192}","{""tdp"":125,""cache"":{""l1"":2176,""l2"":32768,""l3"":36864},""cores"":24,""threads"":32,""power_base"":125,""architecture"":""Raptor Lake-S"",""base_frequency"":3,""efficency_cores"":16,""power_turbo_max"":253,""turbo_frequency"":5.8}","[{""name"":""Raptor Lake Architecture"",""description"":""Arquitectura híbrida Intel de 13ª generación con P-cores Raptor Cove y E-cores Gracemont.""},{""name"":""Intel Thread Director"",""description"":""Ayuda al sistema operativo a asignar cargas entre P-cores y E-cores.""},{""name"":""Intel Thermal Velocity Boost"",""description"":""Eleva frecuencias de forma oportunista cuando temperatura y potencia lo permiten.""},{""name"":""Intel Turbo Boost Max Technology 3.0"",""description"":""Identifica los mejores núcleos para maximizar el rendimiento de cargas ligeras.""},{""name"":""Intel Adaptive Boost Technology"",""description"":""Aumenta frecuencias multinúcleo bajo condiciones térmicas y eléctricas adecuadas.""},{""name"":""Intel Deep Learning Boost"",""description"":""Acelera cargas de inferencia mediante instrucciones optimizadas.""},{""name"":""PCIe 5.0 Support"",""description"":""Soporte PCI Express 5.0 para GPU y almacenamiento compatible.""},{""name"":""No Integrated Graphics"",""description"":""Versión KF sin gráficos integrados; requiere tarjeta gráfica dedicada.""},{""name"":""Unlocked for Overclocking"",""description"":""Multiplicador desbloqueado para ajuste manual de frecuencias y voltajes.""}]","{""passmark_score"":57477,""cinebench_multi"":39652,""geekbench_single"":2868}","[""Raptor Lake"",""LGA 1700"",""DDR5"",""DDR4"",""PCIe 5.0"",""KF"",""No iGPU"",""24 Cores""]",2026-08-16 20:15:00+00,518.88
cpu-intel-core-i9-14900k,intel-core-i9-14900k,gaming,Intel Core i9-14900K,Intel,cpu,enthusiast,"Procesador Intel Core i9 de 14ª generación basado en Raptor Lake Refresh para plataforma LGA 1700. Integra 24 núcleos en configuración híbrida, 8 Performance-cores y 16 Efficient-cores, 32 hilos, frecuencia base P-core de 3.2 GHz, turbo de hasta 6.0 GHz, 36 MB de Intel Smart Cache, 32 MB de caché L2, gráficos Intel UHD 770, soporte DDR5-5600 o DDR4-3200 y PCIe 5.0.",599,2023-10-17,2023,"{""pcie"":5,""socket"":""LGA 1700"",""chipsets"":""H610, B660, H670, Z690, B760, H770, Z790"",""ram_type"":""DDR4 / DDR5"",""ram_frecuency"":5600,""ram_max_support"":192}","{""tdp"":125,""cache"":{""l1"":2176,""l2"":32768,""l3"":36864},""cores"":24,""threads"":32,""power_base"":125,""architecture"":""Raptor Lake Refresh"",""base_frequency"":3.2,""efficency_cores"":16,""power_turbo_max"":253,""turbo_frequency"":6}","[{""name"":""Raptor Lake Refresh"",""description"":""Actualización de la arquitectura Intel Core de 14ª generación para escritorio.""},{""name"":""Intel Hybrid Architecture"",""description"":""Arquitectura híbrida de 14ª generación con Performance-cores y Efficient-cores para equilibrar rendimiento y eficiencia.""},{""name"":""Intel Thread Director"",""description"":""Ayuda al sistema operativo a distribuir las cargas entre P-cores y E-cores.""},{""name"":""Intel Turbo Boost 2.0"",""description"":""Eleva automáticamente la frecuencia bajo carga dentro de los límites térmicos y de potencia.""},{""name"":""Intel Turbo Boost Max Technology 3.0"",""description"":""Identifica los mejores P-cores para maximizar el rendimiento en cargas ligeras.""},{""name"":""Intel Thermal Velocity Boost"",""description"":""Incrementa la frecuencia de forma oportunista cuando hay margen térmico.""},{""name"":""Intel Adaptive Boost Technology"",""description"":""Aumenta frecuencias multinúcleo cuando potencia, corriente y temperatura lo permiten.""},{""name"":""Intel Deep Learning Boost"",""description"":""Acelera cargas de inferencia mediante instrucciones optimizadas para IA.""},{""name"":""Intel GNA"",""description"":""Acelerador neuronal gaussiano para tareas de audio e IA de bajo consumo.""},{""name"":""PCIe 5.0 Support"",""description"":""Soporte PCI Express 5.0 para GPU y almacenamiento compatible.""},{""name"":""DDR4 / DDR5 Support"",""description"":""Compatibilidad con memoria DDR4-3200 y DDR5 según placa base.""},{""name"":""Intel UHD Graphics 770"",""description"":""Gráficos integrados para salida de vídeo y aceleración multimedia.""},{""name"":""Intel Quick Sync Video"",""description"":""Codificación y decodificación de vídeo acelerada por hardware.""},{""name"":""Unlocked for Overclocking"",""description"":""Multiplicador desbloqueado para ajuste manual de frecuencias y voltajes.""}]","{""passmark_score"":58278,""cinebench_multi"":38712,""geekbench_single"":2655}","[""Raptor Lake Refresh"",""LGA 1700"",""DDR4"",""DDR5"",""PCIe 5.0"",""Unlocked"",""24 Cores""]",2026-08-16 19:45:00+00,551.08
cpu-intel-core-i9-14900kf,intel-core-i9-14900kf,gaming,Intel Core i9-14900KF,Intel,cpu,enthusiast,"Procesador Intel Core i9 de 14ª generación basado en Raptor Lake Refresh para plataforma LGA 1700. Integra 24 núcleos híbridos, 8 Performance-cores y 16 Efficient-cores, 32 hilos, frecuencia base P-core de 3.2 GHz, turbo de hasta 6.0 GHz, 36 MB de Intel Smart Cache, 32 MB de caché L2, soporte DDR5-5600 o DDR4-3200 y PCIe 5.0; no incluye gráficos integrados.",574,2023-10-17,2023,"{""pcie"":5,""socket"":""LGA 1700"",""chipsets"":""H610, B660, H670, Z690, B760, H770, Z790"",""ram_type"":""DDR4 / DDR5"",""ram_frecuency"":5600,""ram_max_support"":192}","{""tdp"":125,""cache"":{""l1"":2176,""l2"":32768,""l3"":36864},""cores"":24,""threads"":32,""power_base"":125,""architecture"":""Raptor Lake Refresh"",""base_frequency"":3.2,""efficency_cores"":16,""power_turbo_max"":253,""turbo_frequency"":6}","[{""name"":""Raptor Lake Refresh"",""description"":""Actualización de la arquitectura Intel Core de 14ª generación para escritorio.""},{""name"":""Intel Hybrid Architecture"",""description"":""Arquitectura híbrida de 14ª generación con Performance-cores y Efficient-cores para equilibrar rendimiento y eficiencia.""},{""name"":""Intel Thread Director"",""description"":""Ayuda al sistema operativo a distribuir las cargas entre P-cores y E-cores.""},{""name"":""Intel Turbo Boost 2.0"",""description"":""Eleva automáticamente la frecuencia bajo carga dentro de los límites térmicos y de potencia.""},{""name"":""Intel Turbo Boost Max Technology 3.0"",""description"":""Identifica los mejores P-cores para maximizar el rendimiento en cargas ligeras.""},{""name"":""Intel Thermal Velocity Boost"",""description"":""Incrementa la frecuencia de forma oportunista cuando hay margen térmico.""},{""name"":""Intel Adaptive Boost Technology"",""description"":""Aumenta frecuencias multinúcleo cuando potencia, corriente y temperatura lo permiten.""},{""name"":""Intel Deep Learning Boost"",""description"":""Acelera cargas de inferencia mediante instrucciones optimizadas para IA.""},{""name"":""Intel GNA"",""description"":""Acelerador neuronal gaussiano para tareas de audio e IA de bajo consumo.""},{""name"":""PCIe 5.0 Support"",""description"":""Soporte PCI Express 5.0 para GPU y almacenamiento compatible.""},{""name"":""DDR4 / DDR5 Support"",""description"":""Compatibilidad con memoria DDR4-3200 y DDR5 según placa base.""},{""name"":""No Integrated Graphics"",""description"":""Versión F/KF sin gráficos integrados; requiere tarjeta gráfica dedicada.""},{""name"":""Unlocked for Overclocking"",""description"":""Multiplicador desbloqueado para ajuste manual de frecuencias y voltajes.""}]","{""passmark_score"":58083,""cinebench_multi"":38712,""geekbench_single"":2727}","[""Raptor Lake Refresh"",""LGA 1700"",""DDR4"",""DDR5"",""PCIe 5.0"",""KF"",""No iGPU"",""24 Cores""]",2026-08-16 19:45:00+00,528.08
cpu-intel-core-i9-14900ks,intel-core-i9-14900ks,gaming,Intel Core i9-14900KS,Intel,cpu,enthusiast,"Edición especial Intel Core i9 de 14ª generación basada en Raptor Lake Refresh para plataforma LGA 1700. Integra 24 núcleos híbridos, 8 Performance-cores y 16 Efficient-cores, 32 hilos, frecuencia base P-core de 3.2 GHz, turbo de hasta 6.2 GHz, 36 MB de Intel Smart Cache, 32 MB de caché L2, gráficos Intel UHD 770, soporte DDR5-5600 o DDR4-3200 y PCIe 5.0.",699,2024-03-14,2024,"{""pcie"":5,""socket"":""LGA 1700"",""chipsets"":""H610, B660, H670, Z690, B760, H770, Z790"",""ram_type"":""DDR4 / DDR5"",""ram_frecuency"":5600,""ram_max_support"":192}","{""tdp"":150,""cache"":{""l1"":2176,""l2"":32768,""l3"":36864},""cores"":24,""threads"":32,""power_base"":150,""architecture"":""Raptor Lake Refresh"",""base_frequency"":3.2,""efficency_cores"":16,""power_turbo_max"":253,""turbo_frequency"":6.2}","[{""name"":""Raptor Lake Refresh"",""description"":""Actualización de la arquitectura Intel Core de 14ª generación para escritorio.""},{""name"":""Intel Hybrid Architecture"",""description"":""Arquitectura híbrida de 14ª generación con Performance-cores y Efficient-cores para equilibrar rendimiento y eficiencia.""},{""name"":""Intel Thread Director"",""description"":""Ayuda al sistema operativo a distribuir las cargas entre P-cores y E-cores.""},{""name"":""Intel Turbo Boost 2.0"",""description"":""Eleva automáticamente la frecuencia bajo carga dentro de los límites térmicos y de potencia.""},{""name"":""Intel Turbo Boost Max Technology 3.0"",""description"":""Identifica los mejores P-cores para maximizar el rendimiento en cargas ligeras.""},{""name"":""Intel Thermal Velocity Boost"",""description"":""Incrementa la frecuencia de forma oportunista cuando hay margen térmico.""},{""name"":""Intel Adaptive Boost Technology"",""description"":""Aumenta frecuencias multinúcleo cuando potencia, corriente y temperatura lo permiten.""},{""name"":""Intel Deep Learning Boost"",""description"":""Acelera cargas de inferencia mediante instrucciones optimizadas para IA.""},{""name"":""Intel GNA"",""description"":""Acelerador neuronal gaussiano para tareas de audio e IA de bajo consumo.""},{""name"":""PCIe 5.0 Support"",""description"":""Soporte PCI Express 5.0 para GPU y almacenamiento compatible.""},{""name"":""DDR4 / DDR5 Support"",""description"":""Compatibilidad con memoria DDR4-3200 y DDR5 según placa base.""},{""name"":""Intel UHD Graphics 770"",""description"":""Gráficos integrados para salida de vídeo y aceleración multimedia.""},{""name"":""Intel Quick Sync Video"",""description"":""Codificación y decodificación de vídeo acelerada por hardware.""},{""name"":""Unlocked for Overclocking"",""description"":""Multiplicador desbloqueado para ajuste manual de frecuencias y voltajes.""}]","{""passmark_score"":59995,""cinebench_multi"":40976,""geekbench_single"":2692}","[""Raptor Lake Refresh"",""LGA 1700"",""DDR4"",""DDR5"",""PCIe 5.0"",""Special Edition"",""Unlocked"",""24 Cores""]",2026-08-16 19:45:00+00,643.08
cpu-intel-core-ultra-5-245k,intel-core-ultra-5-245k,gaming,Intel Core Ultra 5 245K,Intel,cpu,mid-range,"Procesador de escritorio Intel Core Ultra 200S basado en Arrow Lake para plataforma LGA 1851. Integra 14 núcleos en configuración híbrida, 6 Performance-cores y 8 Efficient-cores, 14 hilos, frecuencia base P-core de 4.2 GHz, turbo máximo de hasta 5.2 GHz, 24 MB de Intel Smart Cache, 26 MB de caché L2, NPU Intel AI Boost, gráficos Intel integrados y soporte DDR5-6400 y PCIe 5.0.",319,2024-10-24,2024,"{""pcie"":5,""socket"":""LGA 1851"",""chipsets"":""Z890, B860, H810, Q870, W880"",""ram_type"":""DDR5"",""ram_frecuency"":6400,""ram_max_support"":256}","{""tdp"":125,""cache"":{""l1"":1440,""l2"":26624,""l3"":24576},""cores"":14,""threads"":14,""power_base"":125,""architecture"":""Arrow Lake-S"",""base_frequency"":4.2,""efficency_cores"":8,""power_turbo_max"":159,""turbo_frequency"":5.2}","[{""name"":""Arrow Lake Architecture"",""description"":""Arquitectura híbrida Intel Core Ultra 200S con núcleos Performance Lion Cove y Efficient Skymont.""},{""name"":""Intel Thread Director"",""description"":""Ayuda al sistema operativo a asignar cargas entre P-cores y E-cores.""},{""name"":""Intel AI Boost"",""description"":""NPU integrada para acelerar cargas de inteligencia artificial compatibles.""},{""name"":""Intel Deep Learning Boost"",""description"":""Acelera cargas de inferencia mediante instrucciones optimizadas.""},{""name"":""Intel Graphics"",""description"":""Gráficos integrados Intel con 4 Xe-cores y soporte de medios moderno.""},{""name"":""Intel Quick Sync Video"",""description"":""Aceleración por hardware para codificación y descodificación de vídeo.""},{""name"":""PCIe 5.0 Support"",""description"":""Soporte PCI Express 5.0 para GPU y almacenamiento compatible.""},{""name"":""DDR5-6400 Support"",""description"":""Soporte oficial de memoria DDR5 de hasta 6400 MT/s.""},{""name"":""Unlocked for Overclocking"",""description"":""Multiplicador desbloqueado para ajuste de frecuencias y voltajes.""}]","{""passmark_score"":43050,""cinebench_multi"":25188,""geekbench_single"":3048}","[""Arrow Lake"",""LGA 1851"",""DDR5"",""PCIe 5.0"",""Intel Core Ultra"",""14 Cores"",""NPU""]",2026-08-16 19:41:00+00,293.48
cpu-intel-core-ultra-5-245kf,intel-core-ultra-5-245kf,gaming,Intel Core Ultra 5 245KF,Intel,cpu,mid-range,"Procesador de escritorio Intel Core Ultra 200S basado en Arrow Lake para plataforma LGA 1851. Integra 14 núcleos en configuración híbrida, 6 Performance-cores y 8 Efficient-cores, 14 hilos, frecuencia base P-core de 4.2 GHz, turbo máximo de hasta 5.2 GHz, 24 MB de Intel Smart Cache, 26 MB de caché L2, NPU Intel AI Boost, soporte DDR5-6400 y PCIe 5.0; no incluye gráficos integrados.",304,2024-10-24,2024,"{""pcie"":5,""socket"":""LGA 1851"",""chipsets"":""Z890, B860, H810, Q870, W880"",""ram_type"":""DDR5"",""ram_frecuency"":6400,""ram_max_support"":256}","{""tdp"":125,""cache"":{""l1"":1440,""l2"":26624,""l3"":24576},""cores"":14,""threads"":14,""power_base"":125,""architecture"":""Arrow Lake-S"",""base_frequency"":4.2,""efficency_cores"":8,""power_turbo_max"":159,""turbo_frequency"":5.2}","[{""name"":""Arrow Lake Architecture"",""description"":""Arquitectura híbrida Intel Core Ultra 200S con núcleos Performance Lion Cove y Efficient Skymont.""},{""name"":""Intel Thread Director"",""description"":""Ayuda al sistema operativo a asignar cargas entre P-cores y E-cores.""},{""name"":""Intel AI Boost"",""description"":""NPU integrada para acelerar cargas de inteligencia artificial compatibles.""},{""name"":""Intel Deep Learning Boost"",""description"":""Acelera cargas de inferencia mediante instrucciones optimizadas.""},{""name"":""PCIe 5.0 Support"",""description"":""Soporte PCI Express 5.0 para GPU y almacenamiento compatible.""},{""name"":""DDR5-6400 Support"",""description"":""Soporte oficial de memoria DDR5 de hasta 6400 MT/s.""},{""name"":""Unlocked for Overclocking"",""description"":""Multiplicador desbloqueado para ajuste de frecuencias y voltajes.""},{""name"":""No Integrated Graphics"",""description"":""Versión KF sin gráficos integrados; requiere tarjeta gráfica dedicada.""}]","{""passmark_score"":43115,""cinebench_multi"":25188,""geekbench_single"":3048}","[""Arrow Lake"",""LGA 1851"",""DDR5"",""PCIe 5.0"",""KF"",""14 Cores"",""No iGPU""]",2026-08-16 19:41:00+00,279.68
cpu-intel-core-ultra-7-265k,intel-core-ultra-7-265k,gaming,Intel Core Ultra 7 265K,Intel,cpu,high-end,"Procesador de escritorio Intel Core Ultra 200S basado en Arrow Lake para plataforma LGA 1851. Integra 20 núcleos en configuración híbrida, 8 Performance-cores y 12 Efficient-cores, 20 hilos, frecuencia base P-core de 3.9 GHz, turbo máximo de hasta 5.5 GHz, 30 MB de Intel Smart Cache, 36 MB de caché L2, NPU Intel AI Boost, gráficos Intel integrados y soporte DDR5-6400 y PCIe 5.0.",404,2024-10-24,2024,"{""pcie"":5,""socket"":""LGA 1851"",""chipsets"":""Z890, B860, H810, Q870, W880"",""ram_type"":""DDR5"",""ram_frecuency"":6400,""ram_max_support"":256}","{""tdp"":125,""cache"":{""l1"":2048,""l2"":36864,""l3"":30720},""cores"":20,""threads"":20,""power_base"":125,""architecture"":""Arrow Lake-S"",""base_frequency"":3.9,""efficency_cores"":12,""power_turbo_max"":250,""turbo_frequency"":5.5}","[{""name"":""Arrow Lake Architecture"",""description"":""Arquitectura híbrida Intel Core Ultra 200S con núcleos Performance Lion Cove y Efficient Skymont.""},{""name"":""Intel Thread Director"",""description"":""Ayuda al sistema operativo a asignar cargas entre P-cores y E-cores.""},{""name"":""Intel AI Boost"",""description"":""NPU integrada para acelerar cargas de inteligencia artificial compatibles.""},{""name"":""Intel Deep Learning Boost"",""description"":""Acelera cargas de inferencia mediante instrucciones optimizadas.""},{""name"":""Intel Turbo Boost Max Technology 3.0"",""description"":""Identifica los mejores núcleos para maximizar el rendimiento de cargas ligeras.""},{""name"":""Intel Graphics"",""description"":""Gráficos integrados Intel con 4 Xe-cores y soporte de medios moderno.""},{""name"":""Intel Quick Sync Video"",""description"":""Aceleración por hardware para codificación y descodificación de vídeo.""},{""name"":""PCIe 5.0 Support"",""description"":""Soporte PCI Express 5.0 para GPU y almacenamiento compatible.""},{""name"":""Unlocked for Overclocking"",""description"":""Multiplicador desbloqueado para ajuste de frecuencias y voltajes.""}]","{""passmark_score"":58594,""cinebench_multi"":35315,""geekbench_single"":2713}","[""Arrow Lake"",""LGA 1851"",""DDR5"",""PCIe 5.0"",""Intel Core Ultra"",""20 Cores"",""NPU""]",2026-08-16 19:41:00+00,371.68
cpu-intel-core-ultra-7-265kf,intel-core-ultra-7-265kf,gaming,Intel Core Ultra 7 265KF,Intel,cpu,high-end,"Procesador de escritorio Intel Core Ultra 200S basado en Arrow Lake para plataforma LGA 1851. Integra 20 núcleos en configuración híbrida, 8 Performance-cores y 12 Efficient-cores, 20 hilos, frecuencia base P-core de 3.9 GHz, turbo máximo de hasta 5.5 GHz, 30 MB de Intel Smart Cache, 36 MB de caché L2, NPU Intel AI Boost, soporte DDR5-6400 y PCIe 5.0; no incluye gráficos integrados.",389,2024-10-24,2024,"{""pcie"":5,""socket"":""LGA 1851"",""chipsets"":""Z890, B860, H810, Q870, W880"",""ram_type"":""DDR5"",""ram_frecuency"":6400,""ram_max_support"":256}","{""tdp"":125,""cache"":{""l1"":2048,""l2"":36864,""l3"":30720},""cores"":20,""threads"":20,""power_base"":125,""architecture"":""Arrow Lake-S"",""base_frequency"":3.9,""efficency_cores"":12,""power_turbo_max"":250,""turbo_frequency"":5.5}","[{""name"":""Arrow Lake Architecture"",""description"":""Arquitectura híbrida Intel Core Ultra 200S con núcleos Performance Lion Cove y Efficient Skymont.""},{""name"":""Intel Thread Director"",""description"":""Ayuda al sistema operativo a asignar cargas entre P-cores y E-cores.""},{""name"":""Intel AI Boost"",""description"":""NPU integrada para acelerar cargas de inteligencia artificial compatibles.""},{""name"":""Intel Deep Learning Boost"",""description"":""Acelera cargas de inferencia mediante instrucciones optimizadas.""},{""name"":""Intel Turbo Boost Max Technology 3.0"",""description"":""Identifica los mejores núcleos para maximizar el rendimiento de cargas ligeras.""},{""name"":""PCIe 5.0 Support"",""description"":""Soporte PCI Express 5.0 para GPU y almacenamiento compatible.""},{""name"":""DDR5-6400 Support"",""description"":""Soporte oficial de memoria DDR5 de hasta 6400 MT/s.""},{""name"":""Unlocked for Overclocking"",""description"":""Multiplicador desbloqueado para ajuste de frecuencias y voltajes.""},{""name"":""No Integrated Graphics"",""description"":""Versión KF sin gráficos integrados; requiere tarjeta gráfica dedicada.""}]","{""passmark_score"":58513,""cinebench_multi"":35315,""geekbench_single"":2759}","[""Arrow Lake"",""LGA 1851"",""DDR5"",""PCIe 5.0"",""KF"",""20 Cores"",""No iGPU""]",2026-08-16 19:41:00+00,357.88
cpu-intel-core-ultra-9-285k,intel-core-ultra-9-285k,gaming,Intel Core Ultra 9 285K,Intel,cpu,enthusiast,"Procesador de escritorio Intel Core Ultra 200S basado en Arrow Lake para plataforma LGA 1851. Integra 24 núcleos en configuración híbrida, 8 Performance-cores y 16 Efficient-cores, 24 hilos, frecuencia base P-core de 3.7 GHz, turbo máximo de hasta 5.7 GHz, 36 MB de Intel Smart Cache, 40 MB de caché L2, NPU Intel AI Boost, gráficos Intel integrados y soporte DDR5-6400 y PCIe 5.0.",599,2024-10-24,2024,"{""pcie"":5,""socket"":""LGA 1851"",""chipsets"":""Z890, B860, H810, Q870, W880"",""ram_type"":""DDR5"",""ram_frecuency"":6400,""ram_max_support"":256}","{""tdp"":125,""cache"":{""l1"":2432,""l2"":40960,""l3"":36864},""cores"":24,""threads"":24,""power_base"":125,""architecture"":""Arrow Lake-S"",""base_frequency"":3.7,""efficency_cores"":16,""power_turbo_max"":250,""turbo_frequency"":5.7}","[{""name"":""Arrow Lake Architecture"",""description"":""Arquitectura híbrida Intel Core Ultra 200S con núcleos Performance Lion Cove y Efficient Skymont.""},{""name"":""Intel Thread Director"",""description"":""Ayuda al sistema operativo a asignar cargas entre P-cores y E-cores.""},{""name"":""Intel AI Boost"",""description"":""NPU integrada para acelerar cargas de inteligencia artificial compatibles.""},{""name"":""Intel Deep Learning Boost"",""description"":""Acelera cargas de inferencia mediante instrucciones optimizadas.""},{""name"":""Intel Thermal Velocity Boost"",""description"":""Eleva frecuencias de forma oportunista cuando temperatura y potencia lo permiten.""},{""name"":""Intel Turbo Boost Max Technology 3.0"",""description"":""Identifica los mejores núcleos para maximizar el rendimiento de cargas ligeras.""},{""name"":""Intel Graphics"",""description"":""Gráficos integrados Intel con 4 Xe-cores y soporte de medios moderno.""},{""name"":""Intel Quick Sync Video"",""description"":""Aceleración por hardware para codificación y descodificación de vídeo.""},{""name"":""PCIe 5.0 Support"",""description"":""Soporte PCI Express 5.0 para GPU y almacenamiento compatible.""},{""name"":""Unlocked for Overclocking"",""description"":""Multiplicador desbloqueado para ajuste de frecuencias y voltajes.""}]","{""passmark_score"":67236,""cinebench_multi"":42620,""geekbench_single"":2870}","[""Arrow Lake"",""LGA 1851"",""DDR5"",""PCIe 5.0"",""Intel Core Ultra"",""24 Cores"",""NPU""]",2026-08-16 19:41:00+00,551.08
cpu-intel-i5-12400f,intel-core-i5-12400f,gaming,Intel Core i5-12400F,Intel,cpu,mid-range,"Procesador de escritorio de gama media de la 12ª generación (Alder Lake) de Intel. Ofrece 6 núcleos de alto rendimiento y 12 hilos, con una frecuencia turbo de hasta 4.4 GHz. No incluye gráficos integrados, lo que lo hace una opción popular para builds gaming con GPU dedicada gracias a su excelente relación calidad-precio y bajo consumo.",174.00,2022-01-04,2022,"{""pcie"":5,""socket"":""LGA 1700"",""chipsets"":""H610, B660, H670, Z690, B760, H770, Z790"",""ram_type"":""DDR4 / DDR5"",""ram_frecuency"":4800,""ram_max_support"":128}","{""tdp"":65,""cache"":{""l1"":480,""l2"":7680,""l3"":18432},""cores"":6,""threads"":12,""power_base"":65,""architecture"":""Alder Lake S"",""base_frequency"":2.5,""efficency_cores"":0,""power_turbo_max"":117,""turbo_frequency"":4.4}","[{""name"":""Intel Hyper-Threading"",""description"":""Mejora multitarea.""},{""name"":""Intel Turbo Boost 2.0"",""description"":""Aumenta frecuencia.""},{""name"":""PCIe 5.0 Support"",""description"":""Doble ancho de banda.""},{""name"":""Intel Deep Learning Boost"",""description"":""Acelera IA.""},{""name"":""Intel Virtualization Technology"",""description"":""Múltiples SO.""}]","{""passmark_score"":19596,""cinebench_multi"":12344,""geekbench_single"":2350}","[""12th Gen Intel"",""Alder Lake"",""LGA 1700"",""Budget Gaming"",""Best Value""]",2026-05-03 17:04:16.091192+00,160.08
